gbifID,reference,publisher,rightsHolder
3747193505,https://www.inaturalist.org/photos/184483964,"iNaturalist","James Maughn"
3747088651,https://www.inaturalist.org/photos/183485638,"iNaturalist","James Maughn"
3747067649,https://www.inaturalist.org/photos/183482396,"iNaturalist","a_wild_chip"
3747067649,https://www.inaturalist.org/photos/183482407,"iNaturalist","a_wild_chip"
3743319576,https://www.inaturalist.org/photos/182529436,"iNaturalist","James Maughn"
3743319576,https://www.inaturalist.org/photos/182529521,"iNaturalist","James Maughn"
3743319576,https://www.inaturalist.org/photos/182529969,"iNaturalist","James Maughn"
3743319576,https://www.inaturalist.org/photos/182529570,"iNaturalist","James Maughn"
3743305636,https://www.inaturalist.org/photos/182529423,"iNaturalist","James Maughn"
3743305636,https://www.inaturalist.org/photos/182529300,"iNaturalist","James Maughn"
3743228984,https://www.inaturalist.org/photos/183053718,"iNaturalist","Jasper Barnes"
3743224960,https://www.inaturalist.org/photos/183046548,"iNaturalist","Jasper Barnes"
3712577858,https://www.inaturalist.org/photos/182008149,"iNaturalist","Boaz Benaiah Solorio"
3712577858,https://www.inaturalist.org/photos/182008164,"iNaturalist","Boaz Benaiah Solorio"
3712577858,https://www.inaturalist.org/photos/182008365,"iNaturalist","Boaz Benaiah Solorio"
3705812897,https://www.inaturalist.org/photos/181015733,"iNaturalist","Sheldon Logan"
3705797841,https://www.inaturalist.org/photos/181277985,"iNaturalist","James Maughn"
3705787125,https://www.inaturalist.org/photos/181476333,"iNaturalist","Andrea Kreuzhage"
3705787125,https://www.inaturalist.org/photos/181476318,"iNaturalist","Andrea Kreuzhage"
3705511584,https://www.inaturalist.org/photos/181280182,"iNaturalist","Jasper Barnes"
3705511584,https://www.inaturalist.org/photos/181280188,"iNaturalist","Jasper Barnes"
3705507885,https://www.inaturalist.org/photos/181015973,"iNaturalist","Sheldon Logan"
3705507885,https://www.inaturalist.org/photos/181015987,"iNaturalist","Sheldon Logan"
3698390893,https://www.inaturalist.org/photos/180161173,"iNaturalist","katmorgan"
3698348914,https://www.inaturalist.org/photos/180143552,"iNaturalist","Rayyan Ibrahim"
3698348568,https://www.inaturalist.org/photos/179909896,"iNaturalist","Howard Friedman"
3698348568,https://www.inaturalist.org/photos/179909903,"iNaturalist","Howard Friedman"
3698348568,https://www.inaturalist.org/photos/179909884,"iNaturalist","Howard Friedman"
3698348568,https://www.inaturalist.org/photos/179909890,"iNaturalist","Howard Friedman"
3698324879,https://www.inaturalist.org/photos/180142057,"iNaturalist","Rayyan Ibrahim"
3698272477,https://www.inaturalist.org/photos/179909668,"iNaturalist","Howard Friedman"
3698272477,https://www.inaturalist.org/photos/179909665,"iNaturalist","Howard Friedman"
3698272477,https://www.inaturalist.org/photos/179909673,"iNaturalist","Howard Friedman"
3698213708,https://www.inaturalist.org/photos/180041863,"iNaturalist","Howard Friedman"
3698213708,https://www.inaturalist.org/photos/180041871,"iNaturalist","Howard Friedman"
3698206905,https://www.inaturalist.org/photos/180302681,"iNaturalist","Howard Friedman"
3698206905,https://www.inaturalist.org/photos/180302821,"iNaturalist","Howard Friedman"
3698206905,https://www.inaturalist.org/photos/180302750,"iNaturalist","Howard Friedman"
3698206905,https://www.inaturalist.org/photos/180302703,"iNaturalist","Howard Friedman"
3698206905,https://www.inaturalist.org/photos/180302834,"iNaturalist","Howard Friedman"
3698206905,https://www.inaturalist.org/photos/180302719,"iNaturalist","Howard Friedman"
3698206905,https://www.inaturalist.org/photos/180302785,"iNaturalist","Howard Friedman"
3698206905,https://www.inaturalist.org/photos/180302848,"iNaturalist","Howard Friedman"
3698206905,https://www.inaturalist.org/photos/180302772,"iNaturalist","Howard Friedman"
3698206905,https://www.inaturalist.org/photos/180302689,"iNaturalist","Howard Friedman"
3698206905,https://www.inaturalist.org/photos/180302709,"iNaturalist","Howard Friedman"
3698206905,https://www.inaturalist.org/photos/180302802,"iNaturalist","Howard Friedman"
3698206905,https://www.inaturalist.org/photos/180302760,"iNaturalist","Howard Friedman"
3698206905,https://www.inaturalist.org/photos/180302734,"iNaturalist","Howard Friedman"
3698206905,https://www.inaturalist.org/photos/180302740,"iNaturalist","Howard Friedman"
3698101695,https://www.inaturalist.org/photos/180041561,"iNaturalist","Howard Friedman"
3698101695,https://www.inaturalist.org/photos/180041554,"iNaturalist","Howard Friedman"
3698101695,https://www.inaturalist.org/photos/180041568,"iNaturalist","Howard Friedman"
3698098691,https://www.inaturalist.org/photos/180041346,"iNaturalist","Howard Friedman"
3698098691,https://www.inaturalist.org/photos/180041339,"iNaturalist","Howard Friedman"
3698076645,https://www.inaturalist.org/photos/180041167,"iNaturalist","Howard Friedman"
3698075662,https://www.inaturalist.org/photos/180306380,"iNaturalist","James Maughn"
3499463534,https://www.inaturalist.org/photos/179057382,"iNaturalist","Donna Pomeroy"
3499406516,https://www.inaturalist.org/photos/179097613,"iNaturalist","James Maughn"
3499406516,https://www.inaturalist.org/photos/179097765,"iNaturalist","James Maughn"
3499371898,https://www.inaturalist.org/photos/179232412,"iNaturalist","balexander211"
3468779604,https://www.inaturalist.org/photos/178278964,"iNaturalist","James Maughn"
3468779604,https://www.inaturalist.org/photos/178279012,"iNaturalist","James Maughn"
3468771737,https://www.inaturalist.org/photos/178284308,"iNaturalist","skfork"
3468759536,https://www.inaturalist.org/photos/178278217,"iNaturalist","James Maughn"
3468714638,https://www.inaturalist.org/photos/178260030,"iNaturalist","Michael Kaufman"
3468689144,https://www.inaturalist.org/photos/178749635,"iNaturalist","Sheldon Logan"
3468689144,https://www.inaturalist.org/photos/178749550,"iNaturalist","Sheldon Logan"
3466490310,https://www.inaturalist.org/photos/177008384,"iNaturalist","Cricket Raspet"
3466398243,https://www.inaturalist.org/photos/178075932,"iNaturalist","Steven Kurniawidjaja"
3466398243,https://www.inaturalist.org/photos/178075968,"iNaturalist","Steven Kurniawidjaja"
3466398243,https://www.inaturalist.org/photos/178075916,"iNaturalist","Steven Kurniawidjaja"
3466398243,https://www.inaturalist.org/photos/178075979,"iNaturalist","Steven Kurniawidjaja"
3466398243,https://www.inaturalist.org/photos/178075898,"iNaturalist","Steven Kurniawidjaja"
3466398243,https://www.inaturalist.org/photos/178075908,"iNaturalist","Steven Kurniawidjaja"
3466398243,https://www.inaturalist.org/photos/178075945,"iNaturalist","Steven Kurniawidjaja"
3466386275,https://www.inaturalist.org/photos/178075876,"iNaturalist","Steven Kurniawidjaja"
3466386275,https://www.inaturalist.org/photos/178075820,"iNaturalist","Steven Kurniawidjaja"
3466386275,https://www.inaturalist.org/photos/178075850,"iNaturalist","Steven Kurniawidjaja"
3466386275,https://www.inaturalist.org/photos/178075870,"iNaturalist","Steven Kurniawidjaja"
3466386275,https://www.inaturalist.org/photos/178075860,"iNaturalist","Steven Kurniawidjaja"
3466386275,https://www.inaturalist.org/photos/178075695,"iNaturalist","Steven Kurniawidjaja"
3466370004,https://www.inaturalist.org/photos/178076172,"iNaturalist","Steven Kurniawidjaja"
3466370004,https://www.inaturalist.org/photos/178076094,"iNaturalist","Steven Kurniawidjaja"
3466370004,https://www.inaturalist.org/photos/178076129,"iNaturalist","Steven Kurniawidjaja"
3466370004,https://www.inaturalist.org/photos/178076139,"iNaturalist","Steven Kurniawidjaja"
3466370004,https://www.inaturalist.org/photos/178076154,"iNaturalist","Steven Kurniawidjaja"
3466370004,https://www.inaturalist.org/photos/178076112,"iNaturalist","Steven Kurniawidjaja"
3466324242,https://www.inaturalist.org/photos/177005924,"iNaturalist","James Maughn"
3466245498,https://www.inaturalist.org/photos/177052643,"iNaturalist","Robin Gwen Agarwal"
3466234120,https://www.inaturalist.org/photos/176852897,"iNaturalist","Sheldon Logan"
3466234120,https://www.inaturalist.org/photos/176852907,"iNaturalist","Sheldon Logan"
3466188480,https://www.inaturalist.org/photos/177052649,"iNaturalist","Robin Gwen Agarwal"
3466187680,https://www.inaturalist.org/photos/177407184,"iNaturalist","James Maughn"
3466160444,https://www.inaturalist.org/photos/177052650,"iNaturalist","Robin Gwen Agarwal"
3466007955,https://www.inaturalist.org/photos/176718588,"iNaturalist","Sarah Wang - whi"
3466007955,https://www.inaturalist.org/photos/176718586,"iNaturalist","Sarah Wang - whi"
3466007955,https://www.inaturalist.org/photos/176718602,"iNaturalist","Sarah Wang - whi"
3466007955,https://www.inaturalist.org/photos/176718569,"iNaturalist","Sarah Wang - whi"
3466007955,https://www.inaturalist.org/photos/176718579,"iNaturalist","Sarah Wang - whi"
3466007955,https://www.inaturalist.org/photos/176718597,"iNaturalist","Sarah Wang - whi"
3466005003,https://www.inaturalist.org/photos/176721620,"iNaturalist","Irene"
3466005003,https://www.inaturalist.org/photos/176722250,"iNaturalist","Irene"
3466005003,https://www.inaturalist.org/photos/176721637,"iNaturalist","Irene"
3466005003,https://www.inaturalist.org/photos/176721615,"iNaturalist","Irene"
3466005003,https://www.inaturalist.org/photos/176721629,"iNaturalist","Irene"
3465982897,https://www.inaturalist.org/photos/178077671,"iNaturalist","Steven Kurniawidjaja"
3465982897,https://www.inaturalist.org/photos/178077723,"iNaturalist","Steven Kurniawidjaja"
3465982897,https://www.inaturalist.org/photos/178077712,"iNaturalist","Steven Kurniawidjaja"
3465982897,https://www.inaturalist.org/photos/178077585,"iNaturalist","Steven Kurniawidjaja"
3465982897,https://www.inaturalist.org/photos/178077616,"iNaturalist","Steven Kurniawidjaja"
3465982897,https://www.inaturalist.org/photos/178077742,"iNaturalist","Steven Kurniawidjaja"
3465982897,https://www.inaturalist.org/photos/178077756,"iNaturalist","Steven Kurniawidjaja"
3465982897,https://www.inaturalist.org/photos/178077691,"iNaturalist","Steven Kurniawidjaja"
3465982897,https://www.inaturalist.org/photos/178077574,"iNaturalist","Steven Kurniawidjaja"
3465982897,https://www.inaturalist.org/photos/178077608,"iNaturalist","Steven Kurniawidjaja"
3465982897,https://www.inaturalist.org/photos/178077645,"iNaturalist","Steven Kurniawidjaja"
3465982897,https://www.inaturalist.org/photos/178077770,"iNaturalist","Steven Kurniawidjaja"
3465967880,https://www.inaturalist.org/photos/176740459,"iNaturalist","Sarah Wang - whi"
3465967880,https://www.inaturalist.org/photos/176740482,"iNaturalist","Sarah Wang - whi"
3465963858,https://www.inaturalist.org/photos/178077466,"iNaturalist","Steven Kurniawidjaja"
3465963858,https://www.inaturalist.org/photos/178077557,"iNaturalist","Steven Kurniawidjaja"
3465963858,https://www.inaturalist.org/photos/178077533,"iNaturalist","Steven Kurniawidjaja"
3465963858,https://www.inaturalist.org/photos/178077435,"iNaturalist","Steven Kurniawidjaja"
3465963858,https://www.inaturalist.org/photos/178077514,"iNaturalist","Steven Kurniawidjaja"
3465963858,https://www.inaturalist.org/photos/178077499,"iNaturalist","Steven Kurniawidjaja"
3465963858,https://www.inaturalist.org/photos/178077545,"iNaturalist","Steven Kurniawidjaja"
3465935210,https://www.inaturalist.org/photos/178077351,"iNaturalist","Steven Kurniawidjaja"
3465935210,https://www.inaturalist.org/photos/178077364,"iNaturalist","Steven Kurniawidjaja"
3465935210,https://www.inaturalist.org/photos/178077284,"iNaturalist","Steven Kurniawidjaja"
3465935210,https://www.inaturalist.org/photos/178077387,"iNaturalist","Steven Kurniawidjaja"
3465935210,https://www.inaturalist.org/photos/178077408,"iNaturalist","Steven Kurniawidjaja"
3465926613,https://www.inaturalist.org/photos/176745362,"iNaturalist","Sarah Wang - whi"
3465926613,https://www.inaturalist.org/photos/176745351,"iNaturalist","Sarah Wang - whi"
3465926613,https://www.inaturalist.org/photos/176745346,"iNaturalist","Sarah Wang - whi"
3465926613,https://www.inaturalist.org/photos/176745355,"iNaturalist","Sarah Wang - whi"
3465926613,https://www.inaturalist.org/photos/176745364,"iNaturalist","Sarah Wang - whi"
3465926613,https://www.inaturalist.org/photos/176745360,"iNaturalist","Sarah Wang - whi"
3465926613,https://www.inaturalist.org/photos/176745349,"iNaturalist","Sarah Wang - whi"
3465925727,https://www.inaturalist.org/photos/176730629,"iNaturalist","Sarah Wang - whi"
3465925727,https://www.inaturalist.org/photos/176730636,"iNaturalist","Sarah Wang - whi"
3465925727,https://www.inaturalist.org/photos/176730611,"iNaturalist","Sarah Wang - whi"
3465925727,https://www.inaturalist.org/photos/176730643,"iNaturalist","Sarah Wang - whi"
3465925727,https://www.inaturalist.org/photos/176730619,"iNaturalist","Sarah Wang - whi"
3465892950,https://www.inaturalist.org/photos/178077848,"iNaturalist","Steven Kurniawidjaja"
3465892950,https://www.inaturalist.org/photos/178077787,"iNaturalist","Steven Kurniawidjaja"
3465892950,https://www.inaturalist.org/photos/178077868,"iNaturalist","Steven Kurniawidjaja"
3465892950,https://www.inaturalist.org/photos/178077880,"iNaturalist","Steven Kurniawidjaja"
3465892950,https://www.inaturalist.org/photos/178077781,"iNaturalist","Steven Kurniawidjaja"
3465892950,https://www.inaturalist.org/photos/178077806,"iNaturalist","Steven Kurniawidjaja"
3465892950,https://www.inaturalist.org/photos/178077822,"iNaturalist","Steven Kurniawidjaja"
3465892950,https://www.inaturalist.org/photos/178077795,"iNaturalist","Steven Kurniawidjaja"
3465892950,https://www.inaturalist.org/photos/178077832,"iNaturalist","Steven Kurniawidjaja"
3457177139,https://www.inaturalist.org/photos/175980662,"iNaturalist","James Maughn"
3457144799,https://www.inaturalist.org/photos/175220487,"iNaturalist","Cricket Raspet"
3457138952,https://www.inaturalist.org/photos/175871783,"iNaturalist","James Maughn"
3457138952,https://www.inaturalist.org/photos/175871536,"iNaturalist","James Maughn"
3457138952,https://www.inaturalist.org/photos/175872321,"iNaturalist","James Maughn"
3457138952,https://www.inaturalist.org/photos/175872384,"iNaturalist","James Maughn"
3457138952,https://www.inaturalist.org/photos/175871704,"iNaturalist","James Maughn"
3457138952,https://www.inaturalist.org/photos/175871890,"iNaturalist","James Maughn"
3457097882,https://www.inaturalist.org/photos/173293859,"iNaturalist",""Andrea Kreuzhage""
3457093702,https://www.inaturalist.org/photos/174290001,"iNaturalist","Lori Brandt Dudzik"
3457015760,https://www.inaturalist.org/photos/175421553,"iNaturalist","Jasper Barnes"
3456957886,https://www.inaturalist.org/photos/170362166,"iNaturalist","jgal"
3456926848,https://www.inaturalist.org/photos/173810943,"iNaturalist","James Maughn"
3456926241,https://www.inaturalist.org/photos/172169458,"iNaturalist","Peggy Romfh"
3456926241,https://www.inaturalist.org/photos/172169461,"iNaturalist","Peggy Romfh"
3456926241,https://www.inaturalist.org/photos/172169484,"iNaturalist","Peggy Romfh"
3456926241,https://www.inaturalist.org/photos/172169445,"iNaturalist","Peggy Romfh"
3456926241,https://www.inaturalist.org/photos/172169473,"iNaturalist","Peggy Romfh"
3456926241,https://www.inaturalist.org/photos/172169478,"iNaturalist","Peggy Romfh"
3456926241,https://www.inaturalist.org/photos/172169451,"iNaturalist","Peggy Romfh"
3456858011,https://www.inaturalist.org/photos/172839804,"iNaturalist","overduehappiness"
3456811699,https://www.inaturalist.org/photos/175625804,"iNaturalist","Kayley Dillon"
3456811699,https://www.inaturalist.org/photos/175625868,"iNaturalist","Kayley Dillon"
3456811699,https://www.inaturalist.org/photos/175625832,"iNaturalist","Kayley Dillon"
3456809288,https://www.inaturalist.org/photos/176072920,"iNaturalist","Andrea Kreuzhage"
3456799165,https://www.inaturalist.org/photos/175980300,"iNaturalist","James Maughn"
3456793009,https://www.inaturalist.org/photos/175305774,"iNaturalist","Michael Kaufman"
3456793009,https://www.inaturalist.org/photos/175305767,"iNaturalist","Michael Kaufman"
3456779234,https://www.inaturalist.org/photos/170531194,"iNaturalist","Howard Friedman"
3456769008,https://www.inaturalist.org/photos/176275285,"iNaturalist","Andrea Kreuzhage"
3456769008,https://www.inaturalist.org/photos/176275268,"iNaturalist","Andrea Kreuzhage"
3456769008,https://www.inaturalist.org/photos/176275272,"iNaturalist","Andrea Kreuzhage"
3456736224,https://www.inaturalist.org/photos/170646828,"iNaturalist","judy_shae_nns"
3456736224,https://www.inaturalist.org/photos/170646822,"iNaturalist","judy_shae_nns"
3456701339,https://www.inaturalist.org/photos/169392567,"iNaturalist","boschniakia"
3456551816,https://www.inaturalist.org/photos/170409278,"iNaturalist","jgal"
3456551816,https://www.inaturalist.org/photos/170409272,"iNaturalist","jgal"
3456507807,https://www.inaturalist.org/photos/175220523,"iNaturalist","Christian Schwarz"
3456479385,https://www.inaturalist.org/photos/174730252,"iNaturalist","Simon Willison"
3456465128,https://www.inaturalist.org/photos/174607382,"iNaturalist","Simon Willison"
3456398219,https://www.inaturalist.org/photos/174140612,"iNaturalist","Andrea Kreuzhage"
3456398219,https://www.inaturalist.org/photos/174140585,"iNaturalist","Andrea Kreuzhage"
3456398219,https://www.inaturalist.org/photos/174140557,"iNaturalist","Andrea Kreuzhage"
3456398219,https://www.inaturalist.org/photos/174140574,"iNaturalist","Andrea Kreuzhage"
3456397080,https://www.inaturalist.org/photos/175618389,"iNaturalist","Andrea Kreuzhage"
3456376080,https://www.inaturalist.org/photos/173090808,"iNaturalist","Andrea Kreuzhage"
3456376080,https://www.inaturalist.org/photos/173090796,"iNaturalist","Andrea Kreuzhage"
3456376080,https://www.inaturalist.org/photos/173090799,"iNaturalist","Andrea Kreuzhage"
3456344863,https://www.inaturalist.org/photos/176160974,"iNaturalist","Andrea Kreuzhage"
3456344863,https://www.inaturalist.org/photos/176160979,"iNaturalist","Andrea Kreuzhage"
3456251471,https://www.inaturalist.org/photos/175981314,"iNaturalist","James Maughn"
3456212471,https://www.inaturalist.org/photos/173091145,"iNaturalist","Andrea Kreuzhage"
3456212471,https://www.inaturalist.org/photos/173091132,"iNaturalist","Andrea Kreuzhage"
3456212471,https://www.inaturalist.org/photos/173091173,"iNaturalist","Andrea Kreuzhage"
3456212471,https://www.inaturalist.org/photos/173091192,"iNaturalist","Andrea Kreuzhage"
3456191815,https://www.inaturalist.org/photos/174222870,"iNaturalist","Alex Tey"
3456191630,https://www.inaturalist.org/photos/174132285,"iNaturalist","Andrea Kreuzhage"
3456191630,https://www.inaturalist.org/photos/174132270,"iNaturalist","Andrea Kreuzhage"
3456068364,https://www.inaturalist.org/photos/170543871,"iNaturalist","Howard Friedman"
3456066088,https://www.inaturalist.org/photos/163278631,"iNaturalist","atomictoaster"
3455842962,https://www.inaturalist.org/photos/175526393,"iNaturalist","Mira Rae"
3455842962,https://www.inaturalist.org/photos/175526384,"iNaturalist","Mira Rae"
3455795150,https://www.inaturalist.org/photos/170533348,"iNaturalist","Howard Friedman"
3455795150,https://www.inaturalist.org/photos/170533341,"iNaturalist","Howard Friedman"
3455795150,https://www.inaturalist.org/photos/170533372,"iNaturalist","Howard Friedman"
3455795150,https://www.inaturalist.org/photos/170533362,"iNaturalist","Howard Friedman"
3455686389,https://www.inaturalist.org/photos/170437376,"iNaturalist","James Maughn"
3455648240,https://www.inaturalist.org/photos/176069681,"iNaturalist","SuzieSeaOtter"
3455648240,https://www.inaturalist.org/photos/176069704,"iNaturalist","SuzieSeaOtter"
3455648240,https://www.inaturalist.org/photos/176275593,"iNaturalist","SuzieSeaOtter"
3455648240,https://www.inaturalist.org/photos/176069695,"iNaturalist","SuzieSeaOtter"
3455648240,https://www.inaturalist.org/photos/176069686,"iNaturalist","SuzieSeaOtter"
3455648240,https://www.inaturalist.org/photos/176069672,"iNaturalist","SuzieSeaOtter"
3455567033,https://www.inaturalist.org/photos/174593631,"iNaturalist","Simon Willison"
3455565133,https://www.inaturalist.org/photos/172632578,"iNaturalist","Alex Heyman"
3455565133,https://www.inaturalist.org/photos/172632509,"iNaturalist","Alex Heyman"
3455565133,https://www.inaturalist.org/photos/172632532,"iNaturalist","Alex Heyman"
3455565133,https://www.inaturalist.org/photos/172632515,"iNaturalist","Alex Heyman"
3455565133,https://www.inaturalist.org/photos/172632547,"iNaturalist","Alex Heyman"
3455565133,https://www.inaturalist.org/photos/172632505,"iNaturalist","Alex Heyman"
3455565133,https://www.inaturalist.org/photos/172632557,"iNaturalist","Alex Heyman"
3455565133,https://www.inaturalist.org/photos/172632526,"iNaturalist","Alex Heyman"
3455565133,https://www.inaturalist.org/photos/172632567,"iNaturalist","Alex Heyman"
3455565133,https://www.inaturalist.org/photos/172632519,"iNaturalist","Alex Heyman"
3455565133,https://www.inaturalist.org/photos/172632538,"iNaturalist","Alex Heyman"
3455565133,https://www.inaturalist.org/photos/172632585,"iNaturalist","Alex Heyman"
3455556040,https://www.inaturalist.org/photos/175510813,"iNaturalist","Andrea Kreuzhage"
3455556040,https://www.inaturalist.org/photos/175510797,"iNaturalist","Andrea Kreuzhage"
3455534179,https://www.inaturalist.org/photos/174608250,"iNaturalist","Natalie Downe"
3455531357,https://www.inaturalist.org/photos/173776319,"iNaturalist","matthewsabatine"
3455319181,https://www.inaturalist.org/photos/170621753,"iNaturalist","Cricket Raspet"
3416180815,https://www.inaturalist.org/photos/168163935,"iNaturalist","drewmc20"
3416147901,https://www.inaturalist.org/photos/168183672,"iNaturalist","Cricket Raspet"
3416095255,https://www.inaturalist.org/photos/168605221,"iNaturalist","jaredmm1997"
3416070305,https://www.inaturalist.org/photos/167519736,"iNaturalist","Bird Explorers"
3416070305,https://www.inaturalist.org/photos/167519701,"iNaturalist","Bird Explorers"
3416070305,https://www.inaturalist.org/photos/167519706,"iNaturalist","Bird Explorers"
3416070305,https://www.inaturalist.org/photos/167519716,"iNaturalist","Bird Explorers"
3416070305,https://www.inaturalist.org/photos/167519693,"iNaturalist","Bird Explorers"
3416070305,https://www.inaturalist.org/photos/167519721,"iNaturalist","Bird Explorers"
3416070305,https://www.inaturalist.org/photos/167519688,"iNaturalist","Bird Explorers"
3416070305,https://www.inaturalist.org/photos/167519686,"iNaturalist","Bird Explorers"
3416070305,https://www.inaturalist.org/photos/167519733,"iNaturalist","Bird Explorers"
3416070305,https://www.inaturalist.org/photos/167519725,"iNaturalist","Bird Explorers"
3416070305,https://www.inaturalist.org/photos/167519695,"iNaturalist","Bird Explorers"
3416070305,https://www.inaturalist.org/photos/167519649,"iNaturalist","Bird Explorers"
3416070305,https://www.inaturalist.org/photos/167519731,"iNaturalist","Bird Explorers"
3416070305,https://www.inaturalist.org/photos/167519710,"iNaturalist","Bird Explorers"
3416065315,https://www.inaturalist.org/photos/168775061,"iNaturalist","SuzieSeaOtter"
3416065315,https://www.inaturalist.org/photos/168775082,"iNaturalist","SuzieSeaOtter"
3416065315,https://www.inaturalist.org/photos/168775046,"iNaturalist","SuzieSeaOtter"
3416065315,https://www.inaturalist.org/photos/168774973,"iNaturalist","SuzieSeaOtter"
3416065315,https://www.inaturalist.org/photos/168775164,"iNaturalist","SuzieSeaOtter"
3416065315,https://www.inaturalist.org/photos/168775019,"iNaturalist","SuzieSeaOtter"
3416065315,https://www.inaturalist.org/photos/168775004,"iNaturalist","SuzieSeaOtter"
3416048855,https://www.inaturalist.org/photos/169431910,"iNaturalist","wyattherp"
3415993717,https://www.inaturalist.org/photos/167954544,"iNaturalist","Jasper Barnes"
3415993717,https://www.inaturalist.org/photos/167954550,"iNaturalist","Jasper Barnes"
3415993717,https://www.inaturalist.org/photos/167954548,"iNaturalist","Jasper Barnes"
3415745431,https://www.inaturalist.org/photos/170219033,"iNaturalist","Grigory Heaton"
3415711926,https://www.inaturalist.org/photos/169702067,"iNaturalist",armadillocommander
3415711926,https://www.inaturalist.org/photos/169702063,"iNaturalist",armadillocommander
3415711926,https://www.inaturalist.org/photos/169702100,"iNaturalist",armadillocommander
3415711926,https://www.inaturalist.org/photos/169702086,"iNaturalist",armadillocommander
3415710620,https://www.inaturalist.org/photos/167883629,"iNaturalist",Ed Miller
3415677226,https://www.inaturalist.org/photos/169038849,"iNaturalist",Chris
3415591353,https://www.inaturalist.org/photos/168046253,"iNaturalist","Robin Gwen Agarwal"
3415591353,https://www.inaturalist.org/photos/168046276,"iNaturalist","Robin Gwen Agarwal"
3415591353,https://www.inaturalist.org/photos/168046267,"iNaturalist","Robin Gwen Agarwal"
3415584962,https://www.inaturalist.org/photos/169439706,"iNaturalist","James Maughn"
3408168025,https://www.inaturalist.org/photos/166882987,"iNaturalist","Irene"
3408168025,https://www.inaturalist.org/photos/166883006,"iNaturalist","Irene"
3408168025,https://www.inaturalist.org/photos/166883014,"iNaturalist","Irene"
3408168025,https://www.inaturalist.org/photos/166882998,"iNaturalist","Irene"
3408156154,https://www.inaturalist.org/photos/167050250,"iNaturalist","nature1111"
3408111741,https://www.inaturalist.org/photos/166379487,"iNaturalist","James Maughn"
3408111741,https://www.inaturalist.org/photos/166379591,"iNaturalist","James Maughn"
3408111741,https://www.inaturalist.org/photos/166379681,"iNaturalist","James Maughn"
3407952135,https://www.inaturalist.org/photos/167055899,"iNaturalist","Robin Gwen Agarwal"
3399228855,https://www.inaturalist.org/photos/165211955,"iNaturalist",atium
3399165902,https://www.inaturalist.org/photos/160837990,"iNaturalist","Cricket Raspet"
3399090881,https://www.inaturalist.org/photos/160838465,"iNaturalist","Cricket Raspet"
3399077363,https://www.inaturalist.org/photos/165923310,"iNaturalist","Cricket Raspet"
3399061060,https://www.inaturalist.org/photos/163559187,"iNaturalist","James Maughn"
3398929890,https://www.inaturalist.org/photos/165253901,"iNaturalist","Howard Friedman"
3398929890,https://www.inaturalist.org/photos/165253926,"iNaturalist","Howard Friedman"
3398882376,https://www.inaturalist.org/photos/164220996,"iNaturalist","James Maughn"
3398795839,https://www.inaturalist.org/photos/165110745,"iNaturalist","nature1111"
3398795839,https://www.inaturalist.org/photos/165110752,"iNaturalist","nature1111"
3398747580,https://www.inaturalist.org/photos/123565159,"iNaturalist","Cricket Raspet"
3398700447,https://www.inaturalist.org/photos/59189380,"iNaturalist","Cricket Raspet"
3391692243,https://www.inaturalist.org/photos/163326404,"iNaturalist","summerf59"
3391505730,https://www.inaturalist.org/photos/162371682,"iNaturalist","Eric Koberle"
3391426506,https://www.inaturalist.org/photos/155425945,"iNaturalist","bgreer211"
3391426506,https://www.inaturalist.org/photos/155425972,"iNaturalist","bgreer211"
3391426506,https://www.inaturalist.org/photos/155425886,"iNaturalist","bgreer211"
3391426506,https://www.inaturalist.org/photos/155425918,"iNaturalist","bgreer211"
3391403150,https://www.inaturalist.org/photos/163263865,"iNaturalist","mickeydylan"
3391390042,https://www.inaturalist.org/photos/162973795,"iNaturalist","Jasper Barnes"
3391390042,https://www.inaturalist.org/photos/162973802,"iNaturalist","Jasper Barnes"
3391379912,https://www.inaturalist.org/photos/162738460,"iNaturalist","wyattherp"
3391354767,https://www.inaturalist.org/photos/162427775,"iNaturalist","nature1111"
3391318708,https://www.inaturalist.org/photos/162352637,"iNaturalist","Jasper Barnes"
3391318708,https://www.inaturalist.org/photos/162352564,"iNaturalist","Jasper Barnes"
3385192453,https://www.inaturalist.org/photos/161812683,"iNaturalist","nature1111"
3384999530,https://www.inaturalist.org/photos/160127591,"iNaturalist","mbabbe"
3384973794,https://www.inaturalist.org/photos/160520224,"iNaturalist","mfarrellbio211"
3384739777,https://www.inaturalist.org/photos/157365807,"iNaturalist","Elizabeth Bettenhausen"
3384739777,https://www.inaturalist.org/photos/157365579,"iNaturalist","Elizabeth Bettenhausen"
3384739777,https://www.inaturalist.org/photos/157365587,"iNaturalist","Elizabeth Bettenhausen"
3384739777,https://www.inaturalist.org/photos/157365809,"iNaturalist","Elizabeth Bettenhausen"
3384739777,https://www.inaturalist.org/photos/157018092,"iNaturalist","Elizabeth Bettenhausen"
3384739777,https://www.inaturalist.org/photos/157019185,"iNaturalist","Elizabeth Bettenhausen"
3384739777,https://www.inaturalist.org/photos/157019196,"iNaturalist","Elizabeth Bettenhausen"
3384739777,https://www.inaturalist.org/photos/157019104,"iNaturalist","Elizabeth Bettenhausen"
3384739777,https://www.inaturalist.org/photos/157019209,"iNaturalist","Elizabeth Bettenhausen"
3384688621,https://www.inaturalist.org/photos/158414915,"iNaturalist","madiblaney"
3384688621,https://www.inaturalist.org/photos/158414861,"iNaturalist","madiblaney"
3384688621,https://www.inaturalist.org/photos/158414889,"iNaturalist","madiblaney"
3384557024,https://www.inaturalist.org/photos/161139845,"iNaturalist","Sam Fellows"
3384534303,https://www.inaturalist.org/photos/159695071,"iNaturalist","mbabbe"
3384534303,https://www.inaturalist.org/photos/159695034,"iNaturalist","mbabbe"
3384534303,https://www.inaturalist.org/photos/159695091,"iNaturalist","mbabbe"
3384389353,https://www.inaturalist.org/photos/158174644,"iNaturalist","Don Loarie"
3384389353,https://www.inaturalist.org/photos/158174622,"iNaturalist","Don Loarie"
3384363452,https://www.inaturalist.org/photos/158174974,"iNaturalist","Don Loarie"
3384346217,https://www.inaturalist.org/photos/156026137,"iNaturalist","Chalon Boesel"
3384346217,https://www.inaturalist.org/photos/156026196,"iNaturalist","Chalon Boesel"
3384346217,https://www.inaturalist.org/photos/156026341,"iNaturalist","Chalon Boesel"
3384346217,https://www.inaturalist.org/photos/156026082,"iNaturalist","Chalon Boesel"
3384346217,https://www.inaturalist.org/photos/156026124,"iNaturalist","Chalon Boesel"
3384346217,https://www.inaturalist.org/photos/156026090,"iNaturalist","Chalon Boesel"
3384346217,https://www.inaturalist.org/photos/156026169,"iNaturalist","Chalon Boesel"
3384346217,https://www.inaturalist.org/photos/156026178,"iNaturalist","Chalon Boesel"
3384346217,https://www.inaturalist.org/photos/156026108,"iNaturalist","Chalon Boesel"
3384346217,https://www.inaturalist.org/photos/156026094,"iNaturalist","Chalon Boesel"
3384346217,https://www.inaturalist.org/photos/156026157,"iNaturalist","Chalon Boesel"
3384346217,https://www.inaturalist.org/photos/156026162,"iNaturalist","Chalon Boesel"
3384346217,https://www.inaturalist.org/photos/156026117,"iNaturalist","Chalon Boesel"
3384346217,https://www.inaturalist.org/photos/156026076,"iNaturalist","Chalon Boesel"
3384346217,https://www.inaturalist.org/photos/156026101,"iNaturalist","Chalon Boesel"
3384346217,https://www.inaturalist.org/photos/156026148,"iNaturalist","Chalon Boesel"
3384346217,https://www.inaturalist.org/photos/156026128,"iNaturalist","Chalon Boesel"
3384346217,https://www.inaturalist.org/photos/156026182,"iNaturalist","Chalon Boesel"
3384346217,https://www.inaturalist.org/photos/156026392,"iNaturalist","Chalon Boesel"
3384340473,https://www.inaturalist.org/photos/156594603,"iNaturalist","C. Sulots"
3384340473,https://www.inaturalist.org/photos/156594611,"iNaturalist","C. Sulots"
3384248360,https://www.inaturalist.org/photos/161635051,"iNaturalist","mkosiewski"
3384186422,https://www.inaturalist.org/photos/159932146,"iNaturalist","mbabbe"
3384186422,https://www.inaturalist.org/photos/159932147,"iNaturalist","mbabbe"
3384087279,https://www.inaturalist.org/photos/161448065,"iNaturalist","Annie Beard"
3384037619,https://www.inaturalist.org/photos/156850375,"iNaturalist","Chalon Boesel"
3384037619,https://www.inaturalist.org/photos/156850242,"iNaturalist","Chalon Boesel"
3384037619,https://www.inaturalist.org/photos/156850324,"iNaturalist","Chalon Boesel"
3384037619,https://www.inaturalist.org/photos/156850296,"iNaturalist","Chalon Boesel"
3384037619,https://www.inaturalist.org/photos/156850309,"iNaturalist","Chalon Boesel"
3384037619,https://www.inaturalist.org/photos/156850320,"iNaturalist","Chalon Boesel"
3384037619,https://www.inaturalist.org/photos/156850248,"iNaturalist","Chalon Boesel"
3384037619,https://www.inaturalist.org/photos/156850356,"iNaturalist","Chalon Boesel"
3384037619,https://www.inaturalist.org/photos/156850390,"iNaturalist","Chalon Boesel"
3384037619,https://www.inaturalist.org/photos/156850344,"iNaturalist","Chalon Boesel"
3384037619,https://www.inaturalist.org/photos/156850265,"iNaturalist","Chalon Boesel"
3384037619,https://www.inaturalist.org/photos/156850397,"iNaturalist","Chalon Boesel"
3384037619,https://www.inaturalist.org/photos/156850303,"iNaturalist","Chalon Boesel"
3384037619,https://www.inaturalist.org/photos/156850340,"iNaturalist","Chalon Boesel"
3384037619,https://www.inaturalist.org/photos/156850359,"iNaturalist","Chalon Boesel"
3384037619,https://www.inaturalist.org/photos/156850228,"iNaturalist","Chalon Boesel"
3384037619,https://www.inaturalist.org/photos/156850281,"iNaturalist","Chalon Boesel"
3384037619,https://www.inaturalist.org/photos/156850369,"iNaturalist","Chalon Boesel"
3384037619,https://www.inaturalist.org/photos/156850318,"iNaturalist","Chalon Boesel"
3384037619,https://www.inaturalist.org/photos/156850382,"iNaturalist","Chalon Boesel"
3384037619,https://www.inaturalist.org/photos/156848632,"iNaturalist","Chalon Boesel"
3384037619,https://www.inaturalist.org/photos/156850289,"iNaturalist","Chalon Boesel"
3384037619,https://www.inaturalist.org/photos/156850330,"iNaturalist","Chalon Boesel"
3384037619,https://www.inaturalist.org/photos/156850234,"iNaturalist","Chalon Boesel"
3384037619,https://www.inaturalist.org/photos/156850364,"iNaturalist","Chalon Boesel"
3384037619,https://www.inaturalist.org/photos/156850336,"iNaturalist","Chalon Boesel"
3384037619,https://www.inaturalist.org/photos/156850259,"iNaturalist","Chalon Boesel"
3384037619,https://www.inaturalist.org/photos/156850349,"iNaturalist","Chalon Boesel"
3384037619,https://www.inaturalist.org/photos/156848541,"iNaturalist","Chalon Boesel"
3384037619,https://www.inaturalist.org/photos/156848266,"iNaturalist","Chalon Boesel"
3384037619,https://www.inaturalist.org/photos/156850411,"iNaturalist","Chalon Boesel"
3384037619,https://www.inaturalist.org/photos/156850254,"iNaturalist","Chalon Boesel"
3384037619,https://www.inaturalist.org/photos/156850272,"iNaturalist","Chalon Boesel"
3384035390,https://www.inaturalist.org/photos/156603069,"iNaturalist","James Maughn"
3383994787,https://www.inaturalist.org/photos/157284458,"iNaturalist","C. Sulots"
3383994787,https://www.inaturalist.org/photos/157284462,"iNaturalist","C. Sulots"
3383994787,https://www.inaturalist.org/photos/157283896,"iNaturalist","C. Sulots"
3383994787,https://www.inaturalist.org/photos/157283978,"iNaturalist","C. Sulots"
3383984360,https://www.inaturalist.org/photos/156378945,"iNaturalist","Chalon Boesel"
3383984360,https://www.inaturalist.org/photos/156378969,"iNaturalist","Chalon Boesel"
3383984360,https://www.inaturalist.org/photos/156378873,"iNaturalist","Chalon Boesel"
3383984360,https://www.inaturalist.org/photos/156378898,"iNaturalist","Chalon Boesel"
3383984360,https://www.inaturalist.org/photos/156378914,"iNaturalist","Chalon Boesel"
3383984360,https://www.inaturalist.org/photos/156378923,"iNaturalist","Chalon Boesel"
3383984360,https://www.inaturalist.org/photos/156378881,"iNaturalist","Chalon Boesel"
3383984360,https://www.inaturalist.org/photos/156378904,"iNaturalist","Chalon Boesel"
3383984360,https://www.inaturalist.org/photos/156378928,"iNaturalist","Chalon Boesel"
3383984360,https://www.inaturalist.org/photos/156378935,"iNaturalist","Chalon Boesel"
3355791394,https://www.inaturalist.org/photos/156024148,"iNaturalist","Howard Friedman"
3355791394,https://www.inaturalist.org/photos/156024161,"iNaturalist","Howard Friedman"
3355564228,https://www.inaturalist.org/photos/155808558,"iNaturalist","Howard Friedman"
3355564228,https://www.inaturalist.org/photos/155808549,"iNaturalist","Howard Friedman"
3355442326,https://www.inaturalist.org/photos/156023681,"iNaturalist","Howard Friedman"
3355442326,https://www.inaturalist.org/photos/156023757,"iNaturalist","Howard Friedman"
3355442326,https://www.inaturalist.org/photos/156023773,"iNaturalist","Howard Friedman"
3355442326,https://www.inaturalist.org/photos/156023746,"iNaturalist","Howard Friedman"
3355432241,https://www.inaturalist.org/photos/155808632,"iNaturalist","Howard Friedman"
3355432241,https://www.inaturalist.org/photos/155809451,"iNaturalist","Howard Friedman"
3355432241,https://www.inaturalist.org/photos/155808645,"iNaturalist","Howard Friedman"
3355265092,https://www.inaturalist.org/photos/155554712,"iNaturalist","Howard Friedman"
3355265092,https://www.inaturalist.org/photos/155553240,"iNaturalist","Howard Friedman"
3355265092,https://www.inaturalist.org/photos/155553219,"iNaturalist","Howard Friedman"
3355265092,https://www.inaturalist.org/photos/155554693,"iNaturalist","Howard Friedman"
3355232092,https://www.inaturalist.org/photos/155502847,"iNaturalist","clopez211"
3355232092,https://www.inaturalist.org/photos/155502827,"iNaturalist","clopez211"
3355161546,https://www.inaturalist.org/photos/154479751,"iNaturalist","James Maughn"
3355145998,https://www.inaturalist.org/photos/155284937,"iNaturalist","Howard Friedman"
3355145998,https://www.inaturalist.org/photos/155284977,"iNaturalist","Howard Friedman"
3355009861,https://www.inaturalist.org/photos/153415818,"iNaturalist","Howard Friedman"
3355009861,https://www.inaturalist.org/photos/153415834,"iNaturalist","Howard Friedman"
3355009861,https://www.inaturalist.org/photos/153415790,"iNaturalist","Howard Friedman"
3355009861,https://www.inaturalist.org/photos/153415851,"iNaturalist","Howard Friedman"
3355009861,https://www.inaturalist.org/photos/153415872,"iNaturalist","Howard Friedman"
3355009861,https://www.inaturalist.org/photos/153417481,"iNaturalist","Howard Friedman"
3344121811,https://www.inaturalist.org/photos/153353281,"iNaturalist","fganjehbio211"
3344099988,https://www.inaturalist.org/photos/153245606,"iNaturalist","James Maughn"
3343864550,https://www.inaturalist.org/photos/153688554,"iNaturalist","tazgaryputin"
3343767060,https://www.inaturalist.org/photos/152335910,"iNaturalist","James Maughn"
3338070351,https://www.inaturalist.org/photos/151306043,"iNaturalist","Ken Koll"
3338070351,https://www.inaturalist.org/photos/151306612,"iNaturalist","Ken Koll"
3338041169,https://www.inaturalist.org/photos/151071190,"iNaturalist","pocketmouse"
3337848501,https://www.inaturalist.org/photos/151292301,"iNaturalist","Ken Koll"
3337830214,https://www.inaturalist.org/photos/149962662,"iNaturalist","alexmortenson23"
3337820353,https://www.inaturalist.org/photos/149327099,"iNaturalist","Rayyan Ibrahim"
3337736810,https://www.inaturalist.org/photos/150207836,"iNaturalist","James Maughn"
3337667466,https://www.inaturalist.org/photos/150206736,"iNaturalist","James Maughn"
3337601390,https://www.inaturalist.org/photos/149326808,"iNaturalist","Rayyan Ibrahim"
3337503243,https://www.inaturalist.org/photos/149328669,"iNaturalist","Rayyan Ibrahim"
3337462219,https://www.inaturalist.org/photos/149097827,"iNaturalist","wonder7"
3337455050,https://www.inaturalist.org/photos/149582873,"iNaturalist","jksaunde"
3337455050,https://www.inaturalist.org/photos/149582862,"iNaturalist","jksaunde"
3337414828,https://www.inaturalist.org/photos/149582797,"iNaturalist","jksaunde"
3337414828,https://www.inaturalist.org/photos/149582819,"iNaturalist","jksaunde"
3337392259,https://www.inaturalist.org/photos/149327561,"iNaturalist","Rayyan Ibrahim"
3335570498,https://www.inaturalist.org/photos/148638194,"iNaturalist","wyattherp"
3335569488,https://www.inaturalist.org/photos/148639258,"iNaturalist","wyattherp"
3335375604,https://www.inaturalist.org/photos/147187107,"iNaturalist","Robin Gwen Agarwal"
3335375604,https://www.inaturalist.org/photos/147187122,"iNaturalist","Robin Gwen Agarwal"
3335375604,https://www.inaturalist.org/photos/147187150,"iNaturalist","Robin Gwen Agarwal"
3335375604,https://www.inaturalist.org/photos/147187091,"iNaturalist","Robin Gwen Agarwal"
3335338888,https://www.inaturalist.org/photos/147661617,"iNaturalist","rrausin"
3335338888,https://www.inaturalist.org/photos/147661639,"iNaturalist","rrausin"
3335338888,https://www.inaturalist.org/photos/147661598,"iNaturalist","rrausin"
3335321496,https://www.inaturalist.org/photos/148633157,"iNaturalist","rmyoshihara"
3333427124,https://www.inaturalist.org/photos/146364214,"iNaturalist","overholtz"
3333427124,https://www.inaturalist.org/photos/146364188,"iNaturalist","overholtz"
3333427124,https://www.inaturalist.org/photos/146364167,"iNaturalist","overholtz"
3333427124,https://www.inaturalist.org/photos/146364205,"iNaturalist","overholtz"
3333427124,https://www.inaturalist.org/photos/146364179,"iNaturalist","overholtz"
3333421135,https://www.inaturalist.org/photos/146364297,"iNaturalist","overholtz"
3333421135,https://www.inaturalist.org/photos/146364282,"iNaturalist","overholtz"
3333421135,https://www.inaturalist.org/photos/146364250,"iNaturalist","overholtz"
3333421135,https://www.inaturalist.org/photos/146364260,"iNaturalist","overholtz"
3333421135,https://www.inaturalist.org/photos/146364234,"iNaturalist","overholtz"
3333421135,https://www.inaturalist.org/photos/146364312,"iNaturalist","overholtz"
3333415117,https://www.inaturalist.org/photos/146364156,"iNaturalist","overholtz"
3333369890,https://www.inaturalist.org/photos/145979338,"iNaturalist","mwhaley"
3333268023,https://www.inaturalist.org/photos/146189270,"iNaturalist","wyattherp"
3333246043,https://www.inaturalist.org/photos/146189364,"iNaturalist","wyattherp"
3333246043,https://www.inaturalist.org/photos/146189308,"iNaturalist","wyattherp"
3333153893,https://www.inaturalist.org/photos/145992395,"iNaturalist","James Maughn"
3333144231,https://www.inaturalist.org/photos/146482195,"iNaturalist","Pamella Passaro"
3333144231,https://www.inaturalist.org/photos/146481917,"iNaturalist","Pamella Passaro"
3333144231,https://www.inaturalist.org/photos/146482296,"iNaturalist","Pamella Passaro"
3333144231,https://www.inaturalist.org/photos/146482251,"iNaturalist","Pamella Passaro"
3333144231,https://www.inaturalist.org/photos/146482394,"iNaturalist","Pamella Passaro"
3333115203,https://www.inaturalist.org/photos/146462064,"iNaturalist","Jasper Barnes"
3333115203,https://www.inaturalist.org/photos/146462145,"iNaturalist","Jasper Barnes"
3333100871,https://www.inaturalist.org/photos/145902247,"iNaturalist","overholtz"
3333100871,https://www.inaturalist.org/photos/145902219,"iNaturalist","overholtz"
3333100871,https://www.inaturalist.org/photos/145902195,"iNaturalist","overholtz"
3333079127,https://www.inaturalist.org/photos/146365578,"iNaturalist","wschenck"
3333058769,https://www.inaturalist.org/photos/145746546,"iNaturalist","James Maughn"
3330722621,https://www.inaturalist.org/photos/143789477,"iNaturalist","James Maughn"
3330501091,https://www.inaturalist.org/photos/144551286,"iNaturalist","James Maughn"
3330456753,https://www.inaturalist.org/photos/144023452,"iNaturalist","James Maughn"
3330446018,https://www.inaturalist.org/photos/144516586,"iNaturalist","A Humble Thing"
3330446018,https://www.inaturalist.org/photos/144516617,"iNaturalist","A Humble Thing"
3327819312,https://www.inaturalist.org/photos/143163125,"iNaturalist","Ethan R"
3327815388,https://www.inaturalist.org/photos/143318157,"iNaturalist","holmanam"
3327763088,https://www.inaturalist.org/photos/142809348,"iNaturalist","Robin Gwen Agarwal"
3327729759,https://www.inaturalist.org/photos/142275381,"iNaturalist","James Maughn"
3325685169,https://www.inaturalist.org/photos/141267436,"iNaturalist","mbabbe"
3325685169,https://www.inaturalist.org/photos/141267462,"iNaturalist","mbabbe"
3325685169,https://www.inaturalist.org/photos/141267341,"iNaturalist","mbabbe"
3325685169,https://www.inaturalist.org/photos/141267428,"iNaturalist","mbabbe"
3325683060,https://www.inaturalist.org/photos/141110537,"iNaturalist","Grigory Heaton"
3325681069,https://www.inaturalist.org/photos/141112038,"iNaturalist","Grigory Heaton"
3325663069,https://www.inaturalist.org/photos/141110548,"iNaturalist","Grigory Heaton"
3325576703,https://www.inaturalist.org/photos/140524830,"iNaturalist","Jennifer Rycenga"
3325576703,https://www.inaturalist.org/photos/140524842,"iNaturalist","Jennifer Rycenga"
3325571043,https://www.inaturalist.org/photos/141109072,"iNaturalist","Grigory Heaton"
3325546566,https://www.inaturalist.org/photos/140305466,"iNaturalist","mbabbe"
3325546566,https://www.inaturalist.org/photos/140305450,"iNaturalist","mbabbe"
3325499861,https://www.inaturalist.org/photos/140778858,"iNaturalist","Jennifer Rycenga"
3325488189,https://www.inaturalist.org/photos/141277007,"iNaturalist","mbabbe"
3325488189,https://www.inaturalist.org/photos/141277077,"iNaturalist","mbabbe"
3325488189,https://www.inaturalist.org/photos/141277019,"iNaturalist","mbabbe"
3325474693,https://www.inaturalist.org/photos/140559502,"iNaturalist","James Maughn"
3321138066,https://www.inaturalist.org/photos/139442619,"iNaturalist","James Maughn"
3320952874,https://www.inaturalist.org/photos/139075708,"iNaturalist","adellli"
3320952874,https://www.inaturalist.org/photos/139075733,"iNaturalist","adellli"
3314502178,https://www.inaturalist.org/photos/138008425,"iNaturalist","mbabbe"
3314502178,https://www.inaturalist.org/photos/138008465,"iNaturalist","mbabbe"
3314502178,https://www.inaturalist.org/photos/138008482,"iNaturalist","mbabbe"
3314502178,https://www.inaturalist.org/photos/138008463,"iNaturalist","mbabbe"
3314502178,https://www.inaturalist.org/photos/138008406,"iNaturalist","mbabbe"
3314418691,https://www.inaturalist.org/photos/137238834,"iNaturalist","mbabbe"
3314257692,https://www.inaturalist.org/photos/137251268,"iNaturalist","Mike Ambrose"
3314256728,https://www.inaturalist.org/photos/137316424,"iNaturalist","James Maughn"
3314234743,https://www.inaturalist.org/photos/137276126,"iNaturalist","mbabbe"
3314234743,https://www.inaturalist.org/photos/137276123,"iNaturalist","mbabbe"
3314176042,https://www.inaturalist.org/photos/137828934,"iNaturalist","mbabbe"
3314176042,https://www.inaturalist.org/photos/137828942,"iNaturalist","mbabbe"
3314148848,https://www.inaturalist.org/photos/137460441,"iNaturalist","mbabbe"
3314148848,https://www.inaturalist.org/photos/137460422,"iNaturalist","mbabbe"
3314148848,https://www.inaturalist.org/photos/137460456,"iNaturalist","mbabbe"
3314148848,https://www.inaturalist.org/photos/137460461,"iNaturalist","mbabbe"
3314147846,https://www.inaturalist.org/photos/137465145,"iNaturalist","mbabbe"
3314147846,https://www.inaturalist.org/photos/137465136,"iNaturalist","mbabbe"
3307525871,https://www.inaturalist.org/photos/137017953,"iNaturalist","mbabbe"
3307525871,https://www.inaturalist.org/photos/137017939,"iNaturalist","mbabbe"
3307525871,https://www.inaturalist.org/photos/137017934,"iNaturalist","mbabbe"
3307249873,https://www.inaturalist.org/photos/136649145,"iNaturalist","nature1111"
3302495738,https://www.inaturalist.org/photos/134745714,"iNaturalist","James Maughn"
3302103883,https://www.inaturalist.org/photos/133150020,"iNaturalist","Robin Gwen Agarwal"
3301971243,https://www.inaturalist.org/photos/134981304,"iNaturalist","James Maughn"
3301971243,https://www.inaturalist.org/photos/134980799,"iNaturalist","James Maughn"
3301971243,https://www.inaturalist.org/photos/134980741,"iNaturalist","James Maughn"
3301971243,https://www.inaturalist.org/photos/134980811,"iNaturalist","James Maughn"
3301969127,https://www.inaturalist.org/photos/134980670,"iNaturalist","James Maughn"
3301969127,https://www.inaturalist.org/photos/134980769,"iNaturalist","James Maughn"
3301965811,https://www.inaturalist.org/photos/134980724,"iNaturalist","James Maughn"
3124911997,https://www.inaturalist.org/photos/131811507,"iNaturalist","fxc"
3124748463,https://www.inaturalist.org/photos/131777683,"iNaturalist","mbabbe"
3124748463,https://www.inaturalist.org/photos/131777676,"iNaturalist","mbabbe"
3124588568,https://www.inaturalist.org/photos/130412681,"iNaturalist","Howard Friedman"
3124588568,https://www.inaturalist.org/photos/130412658,"iNaturalist","Howard Friedman"
3124588568,https://www.inaturalist.org/photos/130412674,"iNaturalist","Howard Friedman"
3124568278,https://www.inaturalist.org/photos/131780306,"iNaturalist","mbabbe"
3124568278,https://www.inaturalist.org/photos/131780311,"iNaturalist","mbabbe"
3118376503,https://www.inaturalist.org/photos/129957614,"iNaturalist","James Maughn"
3118281781,https://www.inaturalist.org/photos/128987292,"iNaturalist","James Maughn"
3118279870,https://www.inaturalist.org/photos/129127437,"iNaturalist","hayleykarp"
3118250071,https://www.inaturalist.org/photos/129448959,"iNaturalist","crwilson1225"
3117833761,https://www.inaturalist.org/photos/129002121,"iNaturalist","Merav Vonshak"
3117828580,https://www.inaturalist.org/photos/128781928,"iNaturalist","justinstangenes"
3117767151,https://www.inaturalist.org/photos/129423309,"iNaturalist","mbabbe"
3117767151,https://www.inaturalist.org/photos/129423292,"iNaturalist","mbabbe"
3117767151,https://www.inaturalist.org/photos/129423333,"iNaturalist","mbabbe"
3113588016,https://www.inaturalist.org/photos/127603421,"iNaturalist","mooseamara"
3113577233,https://www.inaturalist.org/photos/127837575,"iNaturalist","aaron1978"
3113364607,https://www.inaturalist.org/photos/128341611,"iNaturalist","James Maughn"
3113353256,https://www.inaturalist.org/photos/127884802,"iNaturalist","Sam Fellows"
3113271774,https://www.inaturalist.org/photos/127252437,"iNaturalist","mayacurry"
3112892706,https://www.inaturalist.org/photos/126847258,"iNaturalist","anetz"
3112890670,https://www.inaturalist.org/photos/125416336,"iNaturalist","Eli Gross"
3112890670,https://www.inaturalist.org/photos/125416234,"iNaturalist","Eli Gross"
3112890670,https://www.inaturalist.org/photos/125416327,"iNaturalist","Eli Gross"
3112886526,https://www.inaturalist.org/photos/126551136,"iNaturalist","Robin Gwen Agarwal"
3112886526,https://www.inaturalist.org/photos/126551149,"iNaturalist","Robin Gwen Agarwal"
3112880500,https://www.inaturalist.org/photos/126551161,"iNaturalist","Robin Gwen Agarwal"
3112645600,https://www.inaturalist.org/photos/124091324,"iNaturalist","mbabbe"
3112333275,https://www.inaturalist.org/photos/125011658,"iNaturalist","Robin Gwen Agarwal"
3109315628,https://www.inaturalist.org/photos/122643351,"iNaturalist","James Maughn"
3097258744,https://www.inaturalist.org/photos/121260309,"iNaturalist","md2020"
3097181605,https://www.inaturalist.org/photos/121074684,"iNaturalist","James Maughn"
3097181605,https://www.inaturalist.org/photos/121074750,"iNaturalist","James Maughn"
3097181605,https://www.inaturalist.org/photos/121074723,"iNaturalist","James Maughn"
3097115567,https://www.inaturalist.org/photos/122312877,"iNaturalist","Phoenix"
3097115567,https://www.inaturalist.org/photos/122312869,"iNaturalist","Phoenix"
3097115567,https://www.inaturalist.org/photos/122312887,"iNaturalist","Phoenix"
3090668198,https://www.inaturalist.org/photos/119949062,"iNaturalist","Madeleine Claire"
3090668198,https://www.inaturalist.org/photos/119949086,"iNaturalist","Madeleine Claire"
3090668198,https://www.inaturalist.org/photos/119949053,"iNaturalist","Madeleine Claire"
3090668198,https://www.inaturalist.org/photos/119949067,"iNaturalist","Madeleine Claire"
3090668198,https://www.inaturalist.org/photos/119949072,"iNaturalist","Madeleine Claire"
3090668198,https://www.inaturalist.org/photos/119949079,"iNaturalist","Madeleine Claire"
3090668198,https://www.inaturalist.org/photos/119949042,"iNaturalist","Madeleine Claire"
3090668198,https://www.inaturalist.org/photos/119949047,"iNaturalist","Madeleine Claire"
3090589195,https://www.inaturalist.org/photos/119946747,"iNaturalist","Madeleine Claire"
3090589195,https://www.inaturalist.org/photos/119946738,"iNaturalist","Madeleine Claire"
3090589195,https://www.inaturalist.org/photos/119946725,"iNaturalist","Madeleine Claire"
3090589195,https://www.inaturalist.org/photos/119946730,"iNaturalist","Madeleine Claire"
3079909834,https://www.inaturalist.org/photos/119262400,"iNaturalist","James Maughn"
3079784895,https://www.inaturalist.org/photos/119289854,"iNaturalist","Dawn Ellner"
3079698847,https://www.inaturalist.org/photos/119209032,"iNaturalist","Lauren Sullivan"
3079698847,https://www.inaturalist.org/photos/119209000,"iNaturalist","Lauren Sullivan"
3070712719,https://www.inaturalist.org/photos/117569320,"iNaturalist","James Maughn"
3070681782,https://www.inaturalist.org/photos/118366481,"iNaturalist","Howard Friedman"
3070681782,https://www.inaturalist.org/photos/118366516,"iNaturalist","Howard Friedman"
3070681782,https://www.inaturalist.org/photos/118366497,"iNaturalist","Howard Friedman"
3070658119,https://www.inaturalist.org/photos/117938578,"iNaturalist","Anthony Scott"
3070658119,https://www.inaturalist.org/photos/117938606,"iNaturalist","Anthony Scott"
3070658119,https://www.inaturalist.org/photos/117938564,"iNaturalist","Anthony Scott"
3070658119,https://www.inaturalist.org/photos/117938618,"iNaturalist","Anthony Scott"
3070658119,https://www.inaturalist.org/photos/117938553,"iNaturalist","Anthony Scott"
3070656691,https://www.inaturalist.org/photos/117652827,"iNaturalist","mbabbe"
3070636972,https://www.inaturalist.org/photos/118368709,"iNaturalist","Howard Friedman"
3070636972,https://www.inaturalist.org/photos/118368719,"iNaturalist","Howard Friedman"
3070568282,https://www.inaturalist.org/photos/118366230,"iNaturalist","Howard Friedman"
3070530850,https://www.inaturalist.org/photos/117816399,"iNaturalist","Anthony Scott"
3070530850,https://www.inaturalist.org/photos/117816390,"iNaturalist","Anthony Scott"
3070530850,https://www.inaturalist.org/photos/117925779,"iNaturalist","Anthony Scott"
3070391933,https://www.inaturalist.org/photos/117936405,"iNaturalist","Robin Gwen Agarwal"
3070285852,https://www.inaturalist.org/photos/60285753,"iNaturalist","Philip Georgakakos"
3070256828,https://www.inaturalist.org/photos/62178722,"iNaturalist","Jonathan Curley"
3068074345,https://www.inaturalist.org/photos/113616108,"iNaturalist","Eric Koberle"
3068003571,https://www.inaturalist.org/photos/116528130,"iNaturalist","mbabbe"
3067808822,https://www.inaturalist.org/photos/61667751,"iNaturalist","Grigory Heaton"
3067680805,https://www.inaturalist.org/photos/61628448,"iNaturalist","Grigory Heaton"
3067645845,https://www.inaturalist.org/photos/61684979,"iNaturalist","Grigory Heaton"
3067645845,https://www.inaturalist.org/photos/61685005,"iNaturalist","Grigory Heaton"
3067645845,https://www.inaturalist.org/photos/61684997,"iNaturalist","Grigory Heaton"
3067645845,https://www.inaturalist.org/photos/61684987,"iNaturalist","Grigory Heaton"
3061766627,https://www.inaturalist.org/photos/115609771,"iNaturalist","Howard Friedman"
3061758562,https://www.inaturalist.org/photos/115609815,"iNaturalist","Howard Friedman"
3061756247,https://www.inaturalist.org/photos/116024591,"iNaturalist","Howard Friedman"
3061756247,https://www.inaturalist.org/photos/116024582,"iNaturalist","Howard Friedman"
3061756247,https://www.inaturalist.org/photos/116024615,"iNaturalist","Howard Friedman"
3061743898,https://www.inaturalist.org/photos/116443025,"iNaturalist","mbabbe"
3061741758,https://www.inaturalist.org/photos/115729882,"iNaturalist","Howard Friedman"
3061727187,https://www.inaturalist.org/photos/116305036,"iNaturalist","mbabbe"
3061692076,https://www.inaturalist.org/photos/116094339,"iNaturalist","mbabbe"
3061692076,https://www.inaturalist.org/photos/116094327,"iNaturalist","mbabbe"
3061677575,https://www.inaturalist.org/photos/115822828,"iNaturalist","Lori Brandt Dudzik"
3061677575,https://www.inaturalist.org/photos/115822846,"iNaturalist","Lori Brandt Dudzik"
3061674589,https://www.inaturalist.org/photos/115607698,"iNaturalist","Howard Friedman"
3061674589,https://www.inaturalist.org/photos/115607685,"iNaturalist","Howard Friedman"
3061663257,https://www.inaturalist.org/photos/116251519,"iNaturalist","James Maughn"
3061663257,https://www.inaturalist.org/photos/116251551,"iNaturalist","James Maughn"
3061663257,https://www.inaturalist.org/photos/116251492,"iNaturalist","James Maughn"
3061632412,https://www.inaturalist.org/photos/116146983,"iNaturalist","Howard Friedman"
3061624909,https://www.inaturalist.org/photos/116096386,"iNaturalist","mbabbe"
3061618704,https://www.inaturalist.org/photos/116149274,"iNaturalist","Howard Friedman"
3061618704,https://www.inaturalist.org/photos/116149263,"iNaturalist","Howard Friedman"
3061618704,https://www.inaturalist.org/photos/116149267,"iNaturalist","Howard Friedman"
3061612712,https://www.inaturalist.org/photos/115788913,"iNaturalist","Howard Friedman"
3061612712,https://www.inaturalist.org/photos/115788837,"iNaturalist","Howard Friedman"
3061612712,https://www.inaturalist.org/photos/115788939,"iNaturalist","Howard Friedman"
3061612712,https://www.inaturalist.org/photos/115788894,"iNaturalist","Howard Friedman"
3061612712,https://www.inaturalist.org/photos/115788875,"iNaturalist","Howard Friedman"
3061569604,https://www.inaturalist.org/photos/115610065,"iNaturalist","Howard Friedman"
3061530263,https://www.inaturalist.org/photos/116033957,"iNaturalist","James Maughn"
3061520190,https://www.inaturalist.org/photos/115958875,"iNaturalist","mbabbe"
3061520190,https://www.inaturalist.org/photos/115958881,"iNaturalist","mbabbe"
3059063308,https://www.inaturalist.org/photos/114602601,"iNaturalist","James Maughn"
3059063308,https://www.inaturalist.org/photos/116641485,"iNaturalist","James Maughn"
3058778817,https://www.inaturalist.org/photos/114134291,"iNaturalist","James Maughn"
3044889077,https://www.inaturalist.org/photos/113849779,"iNaturalist","James Maughn"
3044652734,https://www.inaturalist.org/photos/113523716,"iNaturalist","James Maughn"
3044652734,https://www.inaturalist.org/photos/113523750,"iNaturalist","James Maughn"
3039488408,https://www.inaturalist.org/photos/111979476,"iNaturalist","mbabbe"
3039479083,https://www.inaturalist.org/photos/112591515,"iNaturalist","James Maughn"
3039469621,https://www.inaturalist.org/photos/112165319,"iNaturalist","uzun"
3039469621,https://www.inaturalist.org/photos/112165421,"iNaturalist","uzun"
3039314086,https://www.inaturalist.org/photos/111683355,"iNaturalist","James Maughn"
3039314086,https://www.inaturalist.org/photos/111683498,"iNaturalist","James Maughn"
3039314086,https://www.inaturalist.org/photos/111683520,"iNaturalist","James Maughn"
3039314086,https://www.inaturalist.org/photos/111683539,"iNaturalist","James Maughn"
3039292979,https://www.inaturalist.org/photos/112508002,"iNaturalist","James Maughn"
3039144234,https://www.inaturalist.org/photos/111753127,"iNaturalist","Grigory Heaton"
3032159649,https://www.inaturalist.org/photos/109985341,"iNaturalist","James Maughn"
3032140470,https://www.inaturalist.org/photos/110873555,"iNaturalist","edward_rooks"
3032140470,https://www.inaturalist.org/photos/110873329,"iNaturalist","edward_rooks"
3032140470,https://www.inaturalist.org/photos/110873567,"iNaturalist","edward_rooks"
3032140470,https://www.inaturalist.org/photos/110873539,"iNaturalist","edward_rooks"
3032105034,https://www.inaturalist.org/photos/111365559,"iNaturalist","James Maughn"
3032016512,https://www.inaturalist.org/photos/109808968,"iNaturalist","Ebobo"
3032016512,https://www.inaturalist.org/photos/109808954,"iNaturalist","Ebobo"
3031998367,https://www.inaturalist.org/photos/109711322,"iNaturalist","pandeiro"
3031983504,https://www.inaturalist.org/photos/109811785,"iNaturalist","James Maughn"
3031973195,https://www.inaturalist.org/photos/109509730,"iNaturalist","Robin Gwen Agarwal"
3031913397,https://www.inaturalist.org/photos/109675316,"iNaturalist","wyattherp"
3031842497,https://www.inaturalist.org/photos/110872982,"iNaturalist","edward_rooks"
3031804499,https://www.inaturalist.org/photos/110803553,"iNaturalist","Paul Fenwick"
3031752357,https://www.inaturalist.org/photos/109675530,"iNaturalist","wyattherp"
3031715576,https://www.inaturalist.org/photos/109904448,"iNaturalist","rabbitlady101"
3031713552,https://www.inaturalist.org/photos/109904533,"iNaturalist","rabbitlady101"
3031692926,https://www.inaturalist.org/photos/111233440,"iNaturalist","James Maughn"
3031679135,https://www.inaturalist.org/photos/110471548,"iNaturalist","Paul Fenwick"
3031599163,https://www.inaturalist.org/photos/109509755,"iNaturalist","Robin Gwen Agarwal"
3018085622,https://www.inaturalist.org/photos/108858341,"iNaturalist","Bastien"
3018063602,https://www.inaturalist.org/photos/108866036,"iNaturalist","James Maughn"
3018058009,https://www.inaturalist.org/photos/109266724,"iNaturalist","James Maughn"
3018011159,https://www.inaturalist.org/photos/109402689,"iNaturalist","mbabbe"
3017969134,https://www.inaturalist.org/photos/109365141,"iNaturalist","Sam Wilson"
3017969134,https://www.inaturalist.org/photos/109364673,"iNaturalist","Sam Wilson"
3017969134,https://www.inaturalist.org/photos/109365148,"iNaturalist","Sam Wilson"
3017969134,https://www.inaturalist.org/photos/109365136,"iNaturalist","Sam Wilson"
3017946252,https://www.inaturalist.org/photos/109507025,"iNaturalist","James Maughn"
3014063854,https://www.inaturalist.org/photos/108365489,"iNaturalist","James Maughn"
3014003261,https://www.inaturalist.org/photos/108778246,"iNaturalist","mbabbe"
3014003261,https://www.inaturalist.org/photos/108778329,"iNaturalist","mbabbe"
3014003261,https://www.inaturalist.org/photos/108778270,"iNaturalist","mbabbe"
3014003261,https://www.inaturalist.org/photos/108778326,"iNaturalist","mbabbe"
3014003261,https://www.inaturalist.org/photos/108778331,"iNaturalist","mbabbe"
3013938246,https://www.inaturalist.org/photos/108779702,"iNaturalist","mbabbe"
3005130633,https://www.inaturalist.org/photos/107050327,"iNaturalist","Amelia Ryan"
3005130633,https://www.inaturalist.org/photos/107050325,"iNaturalist","Amelia Ryan"
3005084968,https://www.inaturalist.org/photos/107425705,"iNaturalist","ventana2020"
3005084968,https://www.inaturalist.org/photos/107425745,"iNaturalist","ventana2020"
3005084968,https://www.inaturalist.org/photos/107425711,"iNaturalist","ventana2020"
3005084968,https://www.inaturalist.org/photos/107425690,"iNaturalist","ventana2020"
3005084968,https://www.inaturalist.org/photos/107425760,"iNaturalist","ventana2020"
2999151781,https://www.inaturalist.org/photos/106607068,"iNaturalist","Robin Gwen Agarwal"
2999141955,https://www.inaturalist.org/photos/106772683,"iNaturalist","Pamella Passaro"
2999141955,https://www.inaturalist.org/photos/106772528,"iNaturalist","Pamella Passaro"
2999102695,https://www.inaturalist.org/photos/106487941,"iNaturalist","green_rhythm"
2999102695,https://www.inaturalist.org/photos/106487939,"iNaturalist","green_rhythm"
2999089715,https://www.inaturalist.org/photos/106518603,"iNaturalist","James Maughn"
2999068629,https://www.inaturalist.org/photos/106437516,"iNaturalist","James Maughn"
2999064039,https://www.inaturalist.org/photos/106881754,"iNaturalist","James Maughn"
2999064039,https://www.inaturalist.org/photos/106881889,"iNaturalist","James Maughn"
2999057124,https://www.inaturalist.org/photos/106968095,"iNaturalist","Bastien"
2992801018,https://www.inaturalist.org/photos/106278561,"iNaturalist","James Maughn"
2992748739,https://www.inaturalist.org/photos/105950614,"iNaturalist","Robin Gwen Agarwal"
2992711951,https://www.inaturalist.org/photos/106185449,"iNaturalist","michelschreurs"
2992711951,https://www.inaturalist.org/photos/106185448,"iNaturalist","michelschreurs"
2992711951,https://www.inaturalist.org/photos/106185456,"iNaturalist","michelschreurs"
2992664721,https://www.inaturalist.org/photos/105950671,"iNaturalist","Robin Gwen Agarwal"
2988678728,https://www.inaturalist.org/photos/105355268,"iNaturalist","bfurman211"
2988671693,https://www.inaturalist.org/photos/105233618,"iNaturalist","edward_rooks"
2988671693,https://www.inaturalist.org/photos/105233652,"iNaturalist","edward_rooks"
2988646409,https://www.inaturalist.org/photos/104906713,"iNaturalist","tahliamagdaleno"
2988646409,https://www.inaturalist.org/photos/104906680,"iNaturalist","tahliamagdaleno"
2988646409,https://www.inaturalist.org/photos/104906733,"iNaturalist","tahliamagdaleno"
2988562732,https://www.inaturalist.org/photos/105338050,"iNaturalist","nature1111"
2988562732,https://www.inaturalist.org/photos/105338038,"iNaturalist","nature1111"
2988562732,https://www.inaturalist.org/photos/105337944,"iNaturalist","nature1111"
2988562732,https://www.inaturalist.org/photos/105337958,"iNaturalist","nature1111"
2988562732,https://www.inaturalist.org/photos/105337928,"iNaturalist","nature1111"
2988562732,https://www.inaturalist.org/photos/105338066,"iNaturalist","nature1111"
2988493622,https://www.inaturalist.org/photos/105233762,"iNaturalist","Sharen"
2988362279,https://www.inaturalist.org/photos/104777300,"iNaturalist","James Maughn"
2981043912,https://www.inaturalist.org/photos/102827188,"iNaturalist","James Maughn"
2981021852,https://www.inaturalist.org/photos/102826967,"iNaturalist","James Maughn"
2980963839,https://www.inaturalist.org/photos/102749152,"iNaturalist","James Maughn"
2980878932,https://www.inaturalist.org/photos/102856670,"iNaturalist","Bart Kowalski"
2980878932,https://www.inaturalist.org/photos/102856663,"iNaturalist","Bart Kowalski"
2980878932,https://www.inaturalist.org/photos/102856673,"iNaturalist","Bart Kowalski"
2980878932,https://www.inaturalist.org/photos/102856672,"iNaturalist","Bart Kowalski"
2980856598,https://www.inaturalist.org/photos/102458450,"iNaturalist","keithpittluck"
2980856598,https://www.inaturalist.org/photos/102458456,"iNaturalist","keithpittluck"
2980798158,https://www.inaturalist.org/photos/103198338,"iNaturalist","pazziewhale"
2963960631,https://www.inaturalist.org/photos/101677790,"iNaturalist","keithpittluck"
2963960631,https://www.inaturalist.org/photos/101677804,"iNaturalist","keithpittluck"
2963960631,https://www.inaturalist.org/photos/101677752,"iNaturalist","keithpittluck"
2963960631,https://www.inaturalist.org/photos/101677783,"iNaturalist","keithpittluck"
2963904144,https://www.inaturalist.org/photos/102342931,"iNaturalist","Howard Friedman"
2963904144,https://www.inaturalist.org/photos/102342951,"iNaturalist","Howard Friedman"
2963904144,https://www.inaturalist.org/photos/102342971,"iNaturalist","Howard Friedman"
2963873633,https://www.inaturalist.org/photos/101669333,"iNaturalist","Robin Gwen Agarwal"
2963858117,https://www.inaturalist.org/photos/102357880,"iNaturalist","Howard Friedman"
2963858117,https://www.inaturalist.org/photos/102357868,"iNaturalist","Howard Friedman"
2963858117,https://www.inaturalist.org/photos/102357903,"iNaturalist","Howard Friedman"
2963858117,https://www.inaturalist.org/photos/102357885,"iNaturalist","Howard Friedman"
2963857884,https://www.inaturalist.org/photos/102006980,"iNaturalist","James Maughn"
2963857884,https://www.inaturalist.org/photos/102006970,"iNaturalist","James Maughn"
2963839096,https://www.inaturalist.org/photos/102249316,"iNaturalist","Howard Friedman"
2963761664,https://www.inaturalist.org/photos/101683019,"iNaturalist","James Maughn"
2901824614,https://www.inaturalist.org/photos/100483722,"iNaturalist","Henrik Kibak"
2901824614,https://www.inaturalist.org/photos/100483826,"iNaturalist","Henrik Kibak"
2901724816,https://www.inaturalist.org/photos/100798472,"iNaturalist","James Maughn"
2901698626,https://www.inaturalist.org/photos/100487383,"iNaturalist","Henrik Kibak"
2901698626,https://www.inaturalist.org/photos/100487388,"iNaturalist","Henrik Kibak"
2898412073,https://www.inaturalist.org/photos/100128790,"iNaturalist","Robin Gwen Agarwal"
2898398065,https://www.inaturalist.org/photos/100128732,"iNaturalist","Robin Gwen Agarwal"
2898344248,https://www.inaturalist.org/photos/100450847,"iNaturalist","fxc"
2898335224,https://www.inaturalist.org/photos/100353908,"iNaturalist","avocat"
2898286012,https://www.inaturalist.org/photos/100063234,"iNaturalist","Robin Gwen Agarwal"
2898258073,https://www.inaturalist.org/photos/100076655,"iNaturalist","John Sullivan"
2883187635,https://www.inaturalist.org/photos/99133779,"iNaturalist","Howard Friedman"
2883187635,https://www.inaturalist.org/photos/99133775,"iNaturalist","Howard Friedman"
2882964035,https://www.inaturalist.org/photos/98594472,"iNaturalist","Howard Friedman"
2882964035,https://www.inaturalist.org/photos/98594521,"iNaturalist","Howard Friedman"
2882964035,https://www.inaturalist.org/photos/98592921,"iNaturalist","Howard Friedman"
2882964035,https://www.inaturalist.org/photos/98594570,"iNaturalist","Howard Friedman"
2882964035,https://www.inaturalist.org/photos/98592947,"iNaturalist","Howard Friedman"
2882964035,https://www.inaturalist.org/photos/98592810,"iNaturalist","Howard Friedman"
2882964035,https://www.inaturalist.org/photos/98592940,"iNaturalist","Howard Friedman"
2873896983,https://www.inaturalist.org/photos/98190309,"iNaturalist","James Maughn"
2868272750,https://www.inaturalist.org/photos/96886880,"iNaturalist","Howard Friedman"
2868147071,https://www.inaturalist.org/photos/96254461,"iNaturalist","muskoxie"
2868091692,https://www.inaturalist.org/photos/95978517,"iNaturalist","James Maughn"
2864882855,https://www.inaturalist.org/photos/95633857,"iNaturalist","avocat"
2864853399,https://www.inaturalist.org/photos/95140632,"iNaturalist","mysticbullwinkle"
2864852092,https://www.inaturalist.org/photos/95659750,"iNaturalist","dwdaniels"
2864786746,https://www.inaturalist.org/photos/94620790,"iNaturalist","ashley__morris"
2864736901,https://www.inaturalist.org/photos/94730763,"iNaturalist","avocat"
2864653702,https://www.inaturalist.org/photos/94633304,"iNaturalist","trinitieseeber"
2864626998,https://www.inaturalist.org/photos/94909047,"iNaturalist","filton18"
2864626998,https://www.inaturalist.org/photos/94909086,"iNaturalist","filton18"
2864626998,https://www.inaturalist.org/photos/94909059,"iNaturalist","filton18"
2864626998,https://www.inaturalist.org/photos/94909662,"iNaturalist","filton18"
2864626998,https://www.inaturalist.org/photos/94910391,"iNaturalist","filton18"
2864584073,https://www.inaturalist.org/photos/94920782,"iNaturalist","James Maughn"
2862573957,https://www.inaturalist.org/photos/93869651,"iNaturalist","James Maughn"
2862573957,https://www.inaturalist.org/photos/93869584,"iNaturalist","James Maughn"
2862358255,https://www.inaturalist.org/photos/94216719,"iNaturalist","Robin Gwen Agarwal"
2862297272,https://www.inaturalist.org/photos/94217053,"iNaturalist","Robin Gwen Agarwal"
2860121130,https://www.inaturalist.org/photos/92907722,"iNaturalist","Kathleen L. Ryan"
2859958137,https://www.inaturalist.org/photos/92916805,"iNaturalist","Kathleen L. Ryan"
2859900228,https://www.inaturalist.org/photos/93032021,"iNaturalist","Courtney Check"
2856855410,https://www.inaturalist.org/photos/92071280,"iNaturalist","James Maughn"
2856767267,https://www.inaturalist.org/photos/91883945,"iNaturalist","James Maughn"
2856767267,https://www.inaturalist.org/photos/91883927,"iNaturalist","James Maughn"
2856759106,https://www.inaturalist.org/photos/91741223,"iNaturalist","marthalblum"
2856750864,https://www.inaturalist.org/photos/91383937,"iNaturalist","James Maughn"
2856719015,https://www.inaturalist.org/photos/91593259,"iNaturalist","adeena"
2856647179,https://www.inaturalist.org/photos/91747608,"iNaturalist","James Maughn"
2856647179,https://www.inaturalist.org/photos/91747661,"iNaturalist","James Maughn"
2856647179,https://www.inaturalist.org/photos/91747724,"iNaturalist","James Maughn"
2856630056,https://www.inaturalist.org/photos/91594599,"iNaturalist","jlucero2"
2856630056,https://www.inaturalist.org/photos/91594713,"iNaturalist","jlucero2"
2856630056,https://www.inaturalist.org/photos/91594667,"iNaturalist","jlucero2"
2856630056,https://www.inaturalist.org/photos/91594611,"iNaturalist","jlucero2"
2856630056,https://www.inaturalist.org/photos/91594683,"iNaturalist","jlucero2"
2856630056,https://www.inaturalist.org/photos/91594604,"iNaturalist","jlucero2"
2856630056,https://www.inaturalist.org/photos/91594617,"iNaturalist","jlucero2"
2856630056,https://www.inaturalist.org/photos/91594644,"iNaturalist","jlucero2"
2856630056,https://www.inaturalist.org/photos/91594692,"iNaturalist","jlucero2"
2856630056,https://www.inaturalist.org/photos/91594729,"iNaturalist","jlucero2"
2856630056,https://www.inaturalist.org/photos/91594656,"iNaturalist","jlucero2"
2856630056,https://www.inaturalist.org/photos/91594649,"iNaturalist","jlucero2"
2856630056,https://www.inaturalist.org/photos/91594634,"iNaturalist","jlucero2"
2856623999,https://www.inaturalist.org/photos/91499805,"iNaturalist","James Maughn"
2851221741,https://www.inaturalist.org/photos/88793967,"iNaturalist","James Maughn"
2851219712,https://www.inaturalist.org/photos/88793813,"iNaturalist","James Maughn"
2851219712,https://www.inaturalist.org/photos/88793870,"iNaturalist","James Maughn"
2851219712,https://www.inaturalist.org/photos/88793973,"iNaturalist","James Maughn"
2851219712,https://www.inaturalist.org/photos/88793915,"iNaturalist","James Maughn"
2851219712,https://www.inaturalist.org/photos/88793920,"iNaturalist","James Maughn"
2851219712,https://www.inaturalist.org/photos/88793866,"iNaturalist","James Maughn"
2851219266,https://www.inaturalist.org/photos/89376558,"iNaturalist","Isaac Lord"
2851219266,https://www.inaturalist.org/photos/89376579,"iNaturalist","Isaac Lord"
2851219266,https://www.inaturalist.org/photos/89376521,"iNaturalist","Isaac Lord"
2851219266,https://www.inaturalist.org/photos/89376496,"iNaturalist","Isaac Lord"
2851219266,https://www.inaturalist.org/photos/89376568,"iNaturalist","Isaac Lord"
2851219266,https://www.inaturalist.org/photos/89376589,"iNaturalist","Isaac Lord"
2851219266,https://www.inaturalist.org/photos/89376617,"iNaturalist","Isaac Lord"
2851219266,https://www.inaturalist.org/photos/89376534,"iNaturalist","Isaac Lord"
2851219266,https://www.inaturalist.org/photos/89376549,"iNaturalist","Isaac Lord"
2851219266,https://www.inaturalist.org/photos/89376507,"iNaturalist","Isaac Lord"
2851219266,https://www.inaturalist.org/photos/89376604,"iNaturalist","Isaac Lord"
2850970973,https://www.inaturalist.org/photos/87965489,"iNaturalist","Brent Limyansky"
2850970973,https://www.inaturalist.org/photos/87965481,"iNaturalist","Brent Limyansky"
2850970973,https://www.inaturalist.org/photos/87965469,"iNaturalist","Brent Limyansky"
2850970973,https://www.inaturalist.org/photos/87965453,"iNaturalist","Brent Limyansky"
2850970973,https://www.inaturalist.org/photos/87965438,"iNaturalist","Brent Limyansky"
2850925587,https://www.inaturalist.org/photos/91010111,"iNaturalist","James Maughn"
2850919441,https://www.inaturalist.org/photos/90841985,"iNaturalist","James Maughn"
2850919441,https://www.inaturalist.org/photos/90841991,"iNaturalist","James Maughn"
2850865246,https://www.inaturalist.org/photos/89375864,"iNaturalist","Isaac Lord"
2850865246,https://www.inaturalist.org/photos/89375884,"iNaturalist","Isaac Lord"
2850862638,https://www.inaturalist.org/photos/88661920,"iNaturalist","Howard Friedman"
2850862638,https://www.inaturalist.org/photos/88661928,"iNaturalist","Howard Friedman"
2850776395,https://www.inaturalist.org/photos/90667790,"iNaturalist","Kevin Fistanic"
2850678801,https://www.inaturalist.org/photos/88821056,"iNaturalist","coooolbeans"
2850653652,https://www.inaturalist.org/photos/88664722,"iNaturalist","Paul Fenwick"
2826230344,https://www.inaturalist.org/photos/86832783,"iNaturalist","e_southwestern"
2826230344,https://www.inaturalist.org/photos/86832819,"iNaturalist","e_southwestern"
2823327077,https://www.inaturalist.org/photos/85387799,"iNaturalist","andyng"
2823282384,https://www.inaturalist.org/photos/63428859,"iNaturalist","drewe"
2823282384,https://www.inaturalist.org/photos/63266132,"iNaturalist","drewe"
2823282384,https://www.inaturalist.org/photos/63428852,"iNaturalist","drewe"
2823243526,https://www.inaturalist.org/photos/83713475,"iNaturalist","Trent Barnhart"
2823243526,https://www.inaturalist.org/photos/83713460,"iNaturalist","Trent Barnhart"
2823243526,https://www.inaturalist.org/photos/83713489,"iNaturalist","Trent Barnhart"
2823210451,https://www.inaturalist.org/photos/85755027,"iNaturalist","Robin Gwen Agarwal"
2823118371,https://www.inaturalist.org/photos/63429141,"iNaturalist","drewe"
2823118371,https://www.inaturalist.org/photos/63262572,"iNaturalist","drewe"
2823076084,https://www.inaturalist.org/photos/85385976,"iNaturalist","supbuttercup"
2823066036,https://www.inaturalist.org/photos/85384853,"iNaturalist","James Maughn"
2818633493,https://www.inaturalist.org/photos/84613087,"iNaturalist","Jenni Peters"
2818591297,https://www.inaturalist.org/photos/84305450,"iNaturalist","James Maughn"
2814351590,https://www.inaturalist.org/photos/82092111,"iNaturalist","James Maughn"
2814302483,https://www.inaturalist.org/photos/81537526,"iNaturalist","Jasper Barnes"
2814302483,https://www.inaturalist.org/photos/81537513,"iNaturalist","Jasper Barnes"
2814302483,https://www.inaturalist.org/photos/81537522,"iNaturalist","Jasper Barnes"
2814207944,https://www.inaturalist.org/photos/82978290,"iNaturalist","James Maughn"
2813913905,https://www.inaturalist.org/photos/80950538,"iNaturalist","edward_rooks"
2803085283,https://www.inaturalist.org/photos/80079519,"iNaturalist","Sheryl"
2803080957,https://www.inaturalist.org/photos/78878785,"iNaturalist","Robin Gwen Agarwal"
2803080957,https://www.inaturalist.org/photos/78878805,"iNaturalist","Robin Gwen Agarwal"
2803080957,https://www.inaturalist.org/photos/78878806,"iNaturalist","Robin Gwen Agarwal"
2803080957,https://www.inaturalist.org/photos/78878817,"iNaturalist","Robin Gwen Agarwal"
2803080957,https://www.inaturalist.org/photos/78878820,"iNaturalist","Robin Gwen Agarwal"
2803080304,https://www.inaturalist.org/photos/78504438,"iNaturalist","Kevin Fistanic"
2803070908,https://www.inaturalist.org/photos/78878752,"iNaturalist","Robin Gwen Agarwal"
2803070908,https://www.inaturalist.org/photos/78878738,"iNaturalist","Robin Gwen Agarwal"
2803070908,https://www.inaturalist.org/photos/78878756,"iNaturalist","Robin Gwen Agarwal"
2803019168,https://www.inaturalist.org/photos/79980366,"iNaturalist","Robin Gwen Agarwal"
2803015181,https://www.inaturalist.org/photos/79980383,"iNaturalist","Robin Gwen Agarwal"
2803012692,https://www.inaturalist.org/photos/79356738,"iNaturalist","jackbark"
2802974078,https://www.inaturalist.org/photos/79980341,"iNaturalist","Robin Gwen Agarwal"
2802974078,https://www.inaturalist.org/photos/79980356,"iNaturalist","Robin Gwen Agarwal"
2802974078,https://www.inaturalist.org/photos/79980348,"iNaturalist","Robin Gwen Agarwal"
2802965137,https://www.inaturalist.org/photos/79980358,"iNaturalist","Robin Gwen Agarwal"
2802864596,https://www.inaturalist.org/photos/79981012,"iNaturalist","Robin Gwen Agarwal"
2802864596,https://www.inaturalist.org/photos/79981005,"iNaturalist","Robin Gwen Agarwal"
2802864596,https://www.inaturalist.org/photos/79981023,"iNaturalist","Robin Gwen Agarwal"
2802844376,https://www.inaturalist.org/photos/80171653,"iNaturalist","James Maughn"
2802671327,https://www.inaturalist.org/photos/79396490,"iNaturalist","James Maughn"
2802657766,https://www.inaturalist.org/photos/79068959,"iNaturalist","James Maughn"
2641297745,https://www.inaturalist.org/photos/77152101,"iNaturalist","Leeza Kaufman"
2634474110,https://www.inaturalist.org/photos/76605274,"iNaturalist","James Maughn"
2634344304,https://www.inaturalist.org/photos/76780942,"iNaturalist","James Maughn"
2634344304,https://www.inaturalist.org/photos/76780921,"iNaturalist","James Maughn"
2634344304,https://www.inaturalist.org/photos/76780957,"iNaturalist","James Maughn"
2634138145,https://www.inaturalist.org/photos/76622376,"iNaturalist","vivienneo"
2634121730,https://www.inaturalist.org/photos/76215157,"iNaturalist","ro_berta"
2634121730,https://www.inaturalist.org/photos/76215212,"iNaturalist","ro_berta"
2634121730,https://www.inaturalist.org/photos/76215180,"iNaturalist","ro_berta"
2634121730,https://www.inaturalist.org/photos/76215198,"iNaturalist","ro_berta"
2626557332,https://www.inaturalist.org/photos/73858564,"iNaturalist","James Maughn"
2626557332,https://www.inaturalist.org/photos/73858548,"iNaturalist","James Maughn"
2626408348,https://www.inaturalist.org/photos/72475775,"iNaturalist","jnphilli"
2626408348,https://www.inaturalist.org/photos/72475811,"iNaturalist","jnphilli"
2626258000,https://www.inaturalist.org/photos/73562374,"iNaturalist","Geoffrey Jewel"
2626258000,https://www.inaturalist.org/photos/73562347,"iNaturalist","Geoffrey Jewel"
2626140571,https://photos.google.com/lr/photo/ABNzQ9Ge63iDbBM43NUdwleHwZdj5Ng3pRbpqvFlLVOWDoE5rcdRDC71tKMwpVidJgjlvrMfwFrdXXlwB1T5qekOq5B-e9Tr5A,"iNaturalist","Samantha Duston"
2626140571,https://photos.google.com/lr/photo/ABNzQ9Ht9gnm0h-5Sd273op2w7sql0rXygBfcatDEAUruE6B-tFdsbJ41Jk7bQ6wgBSP5SEHD8s9Q8vcDkB44Fa3nDMp2eH9fQ,"iNaturalist","Samantha Duston"
2626140571,https://photos.google.com/lr/photo/ABNzQ9FssfqlQhYGdHq0ASlBbVCMUBah4qu3bO8w3oc_SBsRIUj4aZK030SJUQYVo7gCpY7rFSHaRtUOuV_irkU_HufdvwFFJg,"iNaturalist","Samantha Duston"
2620103042,https://www.inaturalist.org/photos/71569714,"iNaturalist","kgerner"
2619961950,https://www.inaturalist.org/photos/71569801,"iNaturalist","kgerner"
2611024222,https://www.inaturalist.org/photos/70356466,"iNaturalist","R R"
2603315657,https://www.inaturalist.org/photos/66873846,"iNaturalist","David Fritz"
2603310671,https://www.inaturalist.org/photos/66873978,"iNaturalist","David Fritz"
2596446316,https://www.inaturalist.org/photos/65364148,"iNaturalist","sbbon26"
2596320096,https://www.inaturalist.org/photos/64577155,"iNaturalist","Robin Gwen Agarwal"
2596106145,https://www.inaturalist.org/photos/63987587,"iNaturalist","Howard Friedman"
2596106145,https://www.inaturalist.org/photos/63987580,"iNaturalist","Howard Friedman"
2596106145,https://www.inaturalist.org/photos/63987601,"iNaturalist","Howard Friedman"
2596106145,https://www.inaturalist.org/photos/63987596,"iNaturalist","Howard Friedman"
2596087232,https://www.inaturalist.org/photos/64076582,"iNaturalist","James Maughn"
2596066435,https://www.inaturalist.org/photos/64191960,"iNaturalist","Howard Friedman"
2596066435,https://www.inaturalist.org/photos/64191921,"iNaturalist","Howard Friedman"
2596066435,https://www.inaturalist.org/photos/64191972,"iNaturalist","Howard Friedman"
2580264700,https://www.inaturalist.org/photos/63622084,"iNaturalist","Catie Clune"
2580200865,https://www.inaturalist.org/photos/63737915,"iNaturalist","Joe Miller"
2580131345,https://www.inaturalist.org/photos/63537850,"iNaturalist","James Maughn"
2579262834,https://www.inaturalist.org/photos/62843904,"iNaturalist","Robin Gwen Agarwal"
2579250267,https://www.inaturalist.org/photos/63125569,"iNaturalist","keithpittluck"
2579250267,https://www.inaturalist.org/photos/63125587,"iNaturalist","keithpittluck"
2579242280,https://www.inaturalist.org/photos/63126632,"iNaturalist","keithpittluck"
2579242280,https://www.inaturalist.org/photos/63126612,"iNaturalist","keithpittluck"
2576375794,https://www.inaturalist.org/photos/62614580,"iNaturalist","Maura"
2574297738,https://www.inaturalist.org/photos/61846214,"iNaturalist","Jacob"
2574297738,https://www.inaturalist.org/photos/61846144,"iNaturalist","Jacob"
2574258495,https://www.inaturalist.org/photos/61656508,"iNaturalist","edavis13"
2574246471,https://www.inaturalist.org/photos/61050618,"iNaturalist","James Maughn"
2574246471,https://www.inaturalist.org/photos/61050610,"iNaturalist","James Maughn"
2574231079,https://www.inaturalist.org/photos/60828666,"iNaturalist","Kevin Fistanic"
2574176123,https://www.inaturalist.org/photos/60828629,"iNaturalist","Kevin Fistanic"
2574139763,https://www.inaturalist.org/photos/60658548,"iNaturalist","dorothydesigns"
2574139763,https://www.inaturalist.org/photos/60658638,"iNaturalist","dorothydesigns"
2574128638,https://www.inaturalist.org/photos/60592969,"iNaturalist","dorothydesigns"
2574128638,https://www.inaturalist.org/photos/60592977,"iNaturalist","dorothydesigns"
2574128638,https://www.inaturalist.org/photos/60592983,"iNaturalist","dorothydesigns"
2574116888,https://www.inaturalist.org/photos/61349803,"iNaturalist","debaraj"
2574021009,https://www.inaturalist.org/photos/60867482,"iNaturalist","dorothydesigns"
2574021009,https://www.inaturalist.org/photos/60867238,"iNaturalist","dorothydesigns"
2574020678,https://www.inaturalist.org/photos/60658917,"iNaturalist","dorothydesigns"
2574020678,https://www.inaturalist.org/photos/60658774,"iNaturalist","dorothydesigns"
2574020678,https://www.inaturalist.org/photos/60658991,"iNaturalist","dorothydesigns"
2574000749,https://www.inaturalist.org/photos/60657903,"iNaturalist","dorothydesigns"
2574000749,https://www.inaturalist.org/photos/60657808,"iNaturalist","dorothydesigns"
2574000749,https://www.inaturalist.org/photos/60658292,"iNaturalist","dorothydesigns"
2573958708,https://www.inaturalist.org/photos/61872247,"iNaturalist","James Maughn"
2573928978,https://www.inaturalist.org/photos/60828491,"iNaturalist","Kevin Fistanic"
2563646796,https://www.inaturalist.org/photos/60516587,"iNaturalist","Beth Pratt"
2563637333,https://www.inaturalist.org/photos/60470565,"iNaturalist","Howard Friedman"
2563637333,https://www.inaturalist.org/photos/60470558,"iNaturalist","Howard Friedman"
2563637333,https://www.inaturalist.org/photos/60470568,"iNaturalist","Howard Friedman"
2563637333,https://www.inaturalist.org/photos/60470561,"iNaturalist","Howard Friedman"
2563636360,https://www.inaturalist.org/photos/60467717,"iNaturalist","Howard Friedman"
2563636360,https://www.inaturalist.org/photos/60467798,"iNaturalist","Howard Friedman"
2563613758,https://www.inaturalist.org/photos/60359107,"iNaturalist","catchang"
2563613558,https://www.inaturalist.org/photos/60357376,"iNaturalist","Jennifer Rycenga"
2563608749,https://www.inaturalist.org/photos/60271823,"iNaturalist","Mary Robinson"
2563570439,https://www.inaturalist.org/photos/60145244,"iNaturalist","benpassarelli"
2563569847,https://www.inaturalist.org/photos/60145237,"iNaturalist","benpassarelli"
2563569792,https://www.inaturalist.org/photos/60145227,"iNaturalist","benpassarelli"
2563569403,https://www.inaturalist.org/photos/60145254,"iNaturalist","benpassarelli"
2563569137,https://www.inaturalist.org/photos/60145247,"iNaturalist","benpassarelli"
2563568643,https://www.inaturalist.org/photos/60145240,"iNaturalist","benpassarelli"
2563568325,https://www.inaturalist.org/photos/60145232,"iNaturalist","benpassarelli"
2563563497,https://www.inaturalist.org/photos/60113160,"iNaturalist","James Maughn"
2563563340,https://www.inaturalist.org/photos/60112238,"iNaturalist","James Maughn"
2563551978,https://www.inaturalist.org/photos/60058156,"iNaturalist","benpassarelli"
2563543241,https://www.inaturalist.org/photos/60014787,"iNaturalist","tamjam"
2563526765,https://www.inaturalist.org/photos/59944740,"iNaturalist","samanthaddgreen"
2563526765,https://www.inaturalist.org/photos/59944728,"iNaturalist","samanthaddgreen"
2563499748,https://www.inaturalist.org/photos/59819720,"iNaturalist","James Maughn"
2557752908,https://www.inaturalist.org/photos/59423053,"iNaturalist","Anthony Scott"
2557752908,https://www.inaturalist.org/photos/59423036,"iNaturalist","Anthony Scott"
2557752908,https://www.inaturalist.org/photos/59423043,"iNaturalist","Anthony Scott"
2557752908,https://www.inaturalist.org/photos/59423048,"iNaturalist","Anthony Scott"
2550125508,https://www.inaturalist.org/photos/59265023,"iNaturalist","wsteinriede"
2550125508,https://www.inaturalist.org/photos/59265035,"iNaturalist","wsteinriede"
2550045218,https://www.inaturalist.org/photos/59114859,"iNaturalist","Gena Bentall"
2550011430,https://www.inaturalist.org/photos/58965955,"iNaturalist","benjchristensen"
2550011430,https://www.inaturalist.org/photos/58965953,"iNaturalist","benjchristensen"
2550011430,https://www.inaturalist.org/photos/58965959,"iNaturalist","benjchristensen"
2550004645,https://www.inaturalist.org/photos/59089503,"iNaturalist","James Maughn"
2542961758,https://www.inaturalist.org/photos/58898093,"iNaturalist","Ken Kellman"
